gem,pasta,rb,e_suite
aasm,spec,187,True
aasm,lib,49,False
aasm,test,2,True
active_model_serializers,test,93,True
active_model_serializers,lib,61,False
activerecord,test,727,True
activerecord,lib,397,False
activerecord,examples,2,False
activerecord-import,test,90,True
activerecord-import,lib,31,False
activerecord-import,benchmarks,11,False
activesupport,lib,289,False
activesupport,test,217,True
addressable,lib,7,False
addressable,gemfiles,6,False
addressable,spec,6,True
addressable,benchmark,2,False
autoprefixer-rails,spec,13,True
autoprefixer-rails,lib,7,False
awesome_print,lib,36,False
awesome_print,spec,22,True
awesome_print,.,1,False
awesome_print,rails,1,False
better_errors,lib,18,False
better_errors,spec,15,True
bootsnap,test,27,True
bootsnap,lib,21,False
bootsnap,ext,1,False
brakeman,test,503,True
brakeman,lib,177,False
brakeman,.,2,False
bullet,spec,63,True
bullet,lib,44,False
bullet,perf,1,False
bullet,rails,1,False
bundler-audit,spec,19,True
bundler-audit,lib,18,False
byebug,lib,115,False
byebug,test,65,True
byebug,tasks,1,False
byebug,docker,1,False
byebug,ext,1,False
capybara,lib,216,False
capybara,spec,37,True
capybara,features,2,True
carrierwave,lib,44,False
carrierwave,spec,39,True
carrierwave,features,10,True
childprocess,lib,12,False
childprocess,spec,8,True
chronic,lib,36,False
chronic,test,22,True
cocoapods,lib,152,False
cocoapods,spec,123,True
cocoapods,examples,1,False
coderay,lib,72,False
coderay,test,46,True
coderay,spec,2,True
coderay,bench,1,False
coderay,rake_tasks,1,False
colorize,lib,6,False
colorize,test,4,True
commander,lib,18,False
commander,spec,12,True
concurrent-ruby,lib,178,False
concurrent-ruby,spec,101,True
concurrent-ruby,examples,37,False
concurrent-ruby,docs-source,25,False
concurrent-ruby,support,2,False
concurrent-ruby,ext,1,False
concurrent-ruby,yard-template,1,False
connection_pool,test,5,True
connection_pool,lib,5,False
countries,lib,26,False
countries,spec,10,True
dalli,test,58,True
dalli,lib,30,False
dalli,scripts,1,False
danger,lib,112,False
danger,spec,110,True
danger,danger_plugins,1,False
danger,docs,1,False
database_cleaner,lib,14,False
database_cleaner,spec,9,True
database_cleaner,examples,6,False
database_cleaner,features,2,True
debug,test,83,True
debug,lib,23,False
debug,ext,1,False
devise,test,117,True
devise,lib,70,False
devise,app,9,False
devise,guides,1,False
diffy,lib,7,False
diffy,spec,2,True
docile,lib,6,False
docile,spec,2,True
doorkeeper,spec,136,True
doorkeeper,lib,107,False
doorkeeper,app,8,False
doorkeeper,benchmark,1,False
dotenv,lib,18,False
dotenv,spec,8,True
dotenv,benchmark,2,False
dotenv,test,1,True
dry-types,lib,56,False
dry-types,spec,39,True
dry-types,benchmarks,7,False
eventmachine,tests,63,True
eventmachine,lib,41,False
eventmachine,examples,13,False
eventmachine,ext,2,False
excon,tests,35,True
excon,lib,33,False
excon,spec,20,True
excon,benchmarks,19,False
eye,spec,115,True
eye,lib,85,False
eye,examples,5,False
factory_bot,spec,86,True
factory_bot,lib,53,False
factory_bot,features,4,True
faker,test,312,True
faker,lib,253,False
faker,benchmark,2,False
faraday,spec,36,True
faraday,lib,33,False
faraday,examples,2,False
fastimage,lib,22,False
fastimage,test,3,True
fastlane,fastlane,523,False
fastlane,spaceship,312,False
fastlane,fastlane_core,107,False
fastlane,match,52,False
fastlane,deliver,41,False
fastlane,snapshot,36,False
fastlane,precheck,28,False
fastlane,gym,25,False
fastlane,frameit,24,False
fastlane,scan,21,False
fastlane,supply,18,False
fastlane,trainer,18,False
fastlane,pilot,17,False
fastlane,sigh,16,False
fastlane,produce,15,False
fastlane,screengrab,14,False
fastlane,pem,8,False
fastlane,cert,8,False
fastlane,credentials_manager,7,False
fastlane,internal,3,False
fastlane,.,1,False
foreman,lib,20,False
foreman,spec,18,True
formatador,tests,3,True
formatador,lib,3,False
geocoder,lib,162,False
geocoder,test,78,True
geocoder,examples,3,False
geocoder,.,1,False
gitlab,spec,83,True
gitlab,lib,82,False
gli,lib,40,False
gli,test,32,True
guard,lib,61,False
guard,spec,56,True
guard,features,2,True
haml,lib,52,False
haml,test,40,True
haml,benchmark,7,False
hashie,spec,53,True
hashie,lib,41,False
hashie,benchmarks,3,False
http,test,69,True
http,lib,61,False
httparty,lib,24,False
httparty,spec,23,True
httparty,examples,22,False
httparty,features,5,True
httpclient,lib,20,False
httpclient,sample,15,False
httpclient,test,13,True
httpclient,bench,4,False
httpclient,dist_key,1,False
i18n,lib,46,False
i18n,test,43,True
i18n,benchmark,1,False
image_processing,lib,8,False
image_processing,test,5,True
jaro_winkler,benchmark,5,False
jaro_winkler,lib,4,False
jaro_winkler,test,3,True
jaro_winkler,ext,1,False
jbuilder,lib,14,False
jbuilder,test,7,True
jwt,lib,47,False
jwt,spec,37,True
jwt,bin,2,False
kaminari,kaminari-core,32,False
kaminari,kaminari-activerecord,5,False
kaminari,kaminari-actionview,3,False
kaminari,lib,2,False
kaminari,misc,1,False
kaminari,test,1,True
knapsack,spec,24,True
knapsack,lib,24,False
knapsack,spec_examples,14,False
knapsack,test_examples,5,False
knapsack,spinach_examples,3,False
knapsack,spec_engine_examples,1,False
kramdown,lib,55,False
kramdown,test,4,True
kramdown,benchmark,3,False
kramdown,.,1,False
letter_opener,lib,5,False
letter_opener,spec,3,True
liquid,test,66,True
liquid,lib,64,False
liquid,performance,15,False
liquid,spec,5,True
liquid,example,3,False
listen,spec,33,True
listen,lib,33,False
logging,test,30,True
logging,lib,30,False
logging,examples,16,False
lograge,lib,23,False
lograge,spec,17,True
mail,lib,111,False
mail,spec,85,True
minitest,lib,24,False
minitest,test,11,True
minitest,.,1,False
money,spec,23,True
money,lib,20,False
mongo,spec,498,True
mongo,lib,479,False
mongo,profile,53,False
mongo,examples,6,False
mongo,gemfiles,1,False
mysql2,lib,9,False
mysql2,benchmark,8,False
mysql2,spec,6,True
mysql2,support,2,False
mysql2,examples,2,False
mysql2,ext,1,False
oauth2,spec,22,True
oauth2,lib,15,False
oauth2,examples,1,False
omniauth,lib,14,False
omniauth,spec,9,True
optimist,test,13,True
optimist,examples,12,False
optimist,lib,1,False
paper_trail,spec,163,True
paper_trail,lib,40,False
paper_trail,doc,1,False
parallel,spec,68,True
parallel,lib,3,False
parallel_tests,spec,51,True
parallel_tests,lib,25,False
pastel,spec,22,True
pastel,lib,10,False
pastel,benchmarks,2,False
pastel,examples,1,False
pg,lib,26,False
pg,spec,25,True
pg,sample,19,False
pg,misc,5,False
pg,ext,2,False
pg,rakelib,2,False
prawn,manual,99,False
prawn,lib,53,False
prawn,spec,41,True
prawn,bench,5,False
premailer-rails,examples,33,False
premailer-rails,spec,20,True
premailer-rails,lib,11,False
pry,lib,135,False
pry,spec,89,True
pry-byebug,lib,24,False
pry-byebug,test,17,True
pry-rails,lib,13,False
pry-rails,spec,10,True
puma,test,110,True
puma,lib,44,False
puma,benchmarks,6,False
puma,examples,5,False
puma,tools,1,False
puma,cops,1,False
puma,ext,1,False
pundit,spec,50,True
pundit,lib,16,False
rack-attack,spec,43,True
rack-attack,lib,20,False
rack-attack,examples,2,False
rack-cors,examples,65,False
rack-cors,lib,6,False
rack-cors,test,2,True
rack-protection,spec,23,True
rack-protection,lib,22,False
rails-i18n,rails,122,False
rails-i18n,spec,24,True
rails-i18n,lib,14,False
rake,test,50,True
rake,lib,44,False
rake,doc,1,False
ransack,lib,33,False
ransack,spec,27,True
rdoc,lib,110,False
rdoc,test,94,True
rdoc,doc,1,False
redcarpet,test,14,True
redcarpet,lib,5,False
redcarpet,ext,1,False
responders,lib,10,False
responders,test,9,True
rest-client,spec,19,True
rest-client,lib,16,False
roo,lib,42,False
roo,test,28,True
roo,spec,16,True
roo,examples,3,False
rouge,lib,301,False
rouge,spec,247,True
rouge,tasks,1,False
rqrcode,lib,9,False
rqrcode,spec,7,True
rqrcode,benchmark,6,False
rspec,rspec-core,233,False
rspec,rspec-mocks,134,False
rspec,rspec-expectations,127,False
rspec,rspec-support,65,False
rspec,rspec,2,False
rubocop,lib,934,False
rubocop,spec,808,True
rubocop,tasks,1,False
rubocop-performance,lib,61,False
rubocop-performance,spec,56,True
rubocop-performance,tasks,1,False
rubocop-rails,lib,157,False
rubocop-rails,spec,149,True
rubocop-rails,tasks,1,False
rubocop-rspec,lib,147,False
rubocop-rspec,spec,140,True
rufus-scheduler,spec,24,True
rufus-scheduler,lib,8,False
rufus-scheduler,misc,7,False
savon,spec,38,True
savon,lib,26,False
sawyer,lib,8,False
sawyer,test,5,True
sawyer,example,2,False
selenium-webdriver,lib,201,False
selenium-webdriver,spec,127,True
selenium-webdriver,support,5,False
sentry-ruby,sentry-ruby,172,False
sentry-ruby,sentry-rails,114,False
sentry-ruby,sentry-sidekiq,18,False
sentry-ruby,sentry-opentelemetry,13,False
sentry-ruby,sentry-yabeda,9,False
sentry-ruby,spec,8,True
sentry-ruby,sentry-resque,8,False
sentry-ruby,sentry-delayed_job,7,False
sentry-ruby,bin,1,False
sentry-ruby,lib,1,False
shoulda-matchers,spec,144,True
shoulda-matchers,lib,133,False
shoulda-matchers,doc_config,3,False
shoulda-matchers,.,2,False
shoulda-matchers,tasks,1,False
simplecov,spec,163,True
simplecov,lib,125,False
simplecov,test_projects,97,False
simplecov,benchmarks,15,False
slack-notifier,spec,14,True
slack-notifier,lib,13,False
slop,test,8,True
slop,lib,7,False
spring,lib,30,False
spring,test,17,True
sprockets,lib,80,False
sprockets,test,45,True
stackprof,lib,5,False
stackprof,test,4,True
stackprof,.,1,False
stackprof,ext,1,False
state_machines,test,446,True
state_machines,lib,52,False
terminal-table,lib,10,False
terminal-table,examples,8,False
terminal-table,spec,7,True
thin,spec,42,True
thin,lib,26,False
thin,gems,4,False
thin,example,2,False
thin,site,2,False
thin,benchmark,1,False
thin,ext,1,False
tilt,test,42,True
tilt,lib,39,False
timecop,test,17,True
timecop,lib,5,False
twilio-ruby,lib,747,False
twilio-ruby,spec,22,True
twilio-ruby,cluster,3,False
twilio-ruby,examples,3,False
typhoeus,lib,43,False
typhoeus,spec,39,True
typhoeus,perf,2,False
tzinfo,test,92,True
tzinfo,lib,49,False
vcr,spec,43,True
vcr,lib,38,False
vcr,features,3,True
virtus,spec,69,True
virtus,lib,34,False
warden,spec,22,True
warden,lib,14,False
webmock,spec,62,True
webmock,lib,61,False
webmock,test,4,True
webmock,minitest,3,False
will_paginate,spec,19,True
will_paginate,lib,19,False
will_paginate,environments,8,False
will_paginate,spec-non-rails,3,False
will_paginate,.,1,False
wisper,spec,14,True
wisper,lib,13,False
yajl-ruby,spec,17,True
yajl-ruby,lib,15,False
yajl-ruby,benchmark,8,False
yajl-ruby,examples,8,False
yajl-ruby,ext,1,False
zeitwerk,test,54,True
zeitwerk,lib,25,False
