gem,ficheiro,commit,categoria,loc_medio,loc_max,pct_singleton,pct_duck,mixins_por_classe,profundidade_heranca,metaprog_por_100,metodos,classes,formas,razao_formas,modo,erro_rspec
minitest,lib/minitest/sprint.rb,f6180b07ea6e,testing,8.1,21,14,71,0.0,2,0.0,7,4,7,1.0,isolado,". Finished in 0.00053 seconds (files took 0.05902 seconds to load) 1 example, 0 failures invalid option: -O Usage: minitest [paths] [options] or: ruby path/to/test.rb [options] or: rake test [A=options] (see Minitest::TestTask for more options) -h, --help Display this help. -V, --version Display the"
mysql2,lib/mysql2/client.rb,c79b3c14fd47,database drivers,14.5,73,18,64,0.0,0,63.6,11,2,11,1.0,isolado,"An error occurred while loading mysql2. Failure/Error: require 'mysql2/mysql2' LoadError: cannot load such file -- mysql2/mysql2 # ./lib/mysql2.rb:36:in '<top (required)>' No examples found. Finished in 0.00002 seconds (files took 0.3432 seconds to load) 0 examples, 0 failures, 1 error occurred outs"
mysql2,lib/mysql2/error.rb,c79b3c14fd47,database drivers,6,7,33,100,0.0,1,0.0,3,2,3,1.0,isolado,"An error occurred while loading mysql2. Failure/Error: require 'mysql2/mysql2' LoadError: cannot load such file -- mysql2/mysql2 # ./lib/mysql2.rb:36:in '<top (required)>' No examples found. Finished in 0.00002 seconds (files took 0.34321 seconds to load) 0 examples, 0 failures, 1 error occurred out"
rspec,rspec-expectations/lib/rspec/expectations/failure_aggregator.rb,79a280d76e10,testing,5.1,26,0,70,0.0,2,0.0,30,5,28,0.933,isolado,An error occurred while loading /var/folders/xt/zsl5k3z97rn823l5tt5fhfr40000gn/T/marta_c6_rspec_4o_nxatc/rspec-expectations__lib__rspec__expectations__failure_aggregator.rb_spec.rb. Failure/Error: class MultipleExpectationsNotMetError < ExpectationNotMetError TypeError: superclass mismatch for class
rspec,rspec-support/lib/rspec/support/object_formatter.rb,79a280d76e10,testing,4.7,14,31,66,0.0,1,2.9,35,10,31,0.886,isolado,"An error occurred while loading /var/folders/xt/zsl5k3z97rn823l5tt5fhfr40000gn/T/marta_c6_rspec_4o_nxatc/rspec-support__lib__rspec__support__object_formatter.rb_spec.rb. Failure/Error: class TimeInspector < BaseInspector FORMAT = ""%Y-%m-%d %H:%M:%S"" def self.can_inspect?(object) Time === object end "
rspec,rspec-expectations/lib/rspec/expectations/configuration.rb,79a280d76e10,testing,4.7,13,11,22,0.0,0,0.0,18,3,16,0.889,com a biblioteca carregada,An error occurred while loading /var/folders/xt/zsl5k3z97rn823l5tt5fhfr40000gn/T/marta_c6_rspec_4o_nxatc/rspec-expectations__lib__rspec__expectations__configuration.rb_spec.rb. Failure/Error: class MultipleExpectationsNotMetError < ExpectationNotMetError TypeError: superclass mismatch for class Mult
rspec,rspec-expectations/lib/rspec/expectations/handler.rb,79a280d76e10,testing,5.5,12,76,57,0.0,2,4.8,21,8,16,0.762,com a biblioteca carregada,An error occurred while loading /var/folders/xt/zsl5k3z97rn823l5tt5fhfr40000gn/T/marta_c6_rspec_4o_nxatc/rspec-expectations__lib__rspec__expectations__handler.rb_spec.rb. Failure/Error: class MultipleExpectationsNotMetError < ExpectationNotMetError TypeError: superclass mismatch for class MultipleEx
rspec,rspec-expectations/lib/rspec/matchers/aliased_matcher.rb,79a280d76e10,testing,4.3,9,0,60,0.0,3,20.0,10,5,7,0.7,com a biblioteca carregada,An error occurred while loading /var/folders/xt/zsl5k3z97rn823l5tt5fhfr40000gn/T/marta_c6_rspec_4o_nxatc/rspec-expectations__lib__rspec__matchers__aliased_matcher.rb_spec.rb. Failure/Error: class MultipleExpectationsNotMetError < ExpectationNotMetError TypeError: superclass mismatch for class Multip
rspec,rspec-expectations/lib/rspec/matchers/built_in/all.rb,79a280d76e10,testing,5,11,0,64,0.0,1,0.0,11,4,11,1.0,com a biblioteca carregada,An error occurred while loading /var/folders/xt/zsl5k3z97rn823l5tt5fhfr40000gn/T/marta_c6_rspec_4o_nxatc/rspec-expectations__lib__rspec__matchers__built_in__all.rb_spec.rb. Failure/Error: class MultipleExpectationsNotMetError < ExpectationNotMetError TypeError: superclass mismatch for class Multiple
rspec,rspec-expectations/lib/rspec/matchers/built_in/base_matcher.rb,79a280d76e10,testing,4,9,14,38,0.57,0,0.0,21,7,15,0.714,com a biblioteca carregada,An error occurred while loading /var/folders/xt/zsl5k3z97rn823l5tt5fhfr40000gn/T/marta_c6_rspec_4o_nxatc/rspec-expectations__lib__rspec__matchers__built_in__base_matcher.rb_spec.rb. Failure/Error: class MultipleExpectationsNotMetError < ExpectationNotMetError TypeError: superclass mismatch for class
rspec,rspec-expectations/lib/rspec/matchers/built_in/be.rb,79a280d76e10,testing,3.6,9,0,36,0.22,1,4.0,25,9,17,0.68,com a biblioteca carregada,An error occurred while loading /var/folders/xt/zsl5k3z97rn823l5tt5fhfr40000gn/T/marta_c6_rspec_4o_nxatc/rspec-expectations__lib__rspec__matchers__built_in__be.rb_spec.rb. Failure/Error: class MultipleExpectationsNotMetError < ExpectationNotMetError TypeError: superclass mismatch for class MultipleE
rspec,rspec-expectations/lib/rspec/matchers/built_in/be_between.rb,79a280d76e10,testing,4.1,6,0,22,0.0,1,22.2,9,4,8,0.889,com a biblioteca carregada,An error occurred while loading /var/folders/xt/zsl5k3z97rn823l5tt5fhfr40000gn/T/marta_c6_rspec_4o_nxatc/rspec-expectations__lib__rspec__matchers__built_in__be_between.rb_spec.rb. Failure/Error: class MultipleExpectationsNotMetError < ExpectationNotMetError TypeError: superclass mismatch for class M
rspec,rspec-expectations/lib/rspec/matchers/built_in/be_within.rb,79a280d76e10,testing,3.8,6,0,30,0.0,1,0.0,10,4,10,1.0,com a biblioteca carregada,An error occurred while loading /var/folders/xt/zsl5k3z97rn823l5tt5fhfr40000gn/T/marta_c6_rspec_4o_nxatc/rspec-expectations__lib__rspec__matchers__built_in__be_within.rb_spec.rb. Failure/Error: class MultipleExpectationsNotMetError < ExpectationNotMetError TypeError: superclass mismatch for class Mu
rspec,rspec-expectations/lib/rspec/matchers/built_in/change.rb,79a280d76e10,testing,5.1,20,0,51,0.0,2,1.8,57,9,44,0.772,com a biblioteca carregada,An error occurred while loading /var/folders/xt/zsl5k3z97rn823l5tt5fhfr40000gn/T/marta_c6_rspec_4o_nxatc/rspec-expectations__lib__rspec__matchers__built_in__change.rb_spec.rb. Failure/Error: class MultipleExpectationsNotMetError < ExpectationNotMetError TypeError: superclass mismatch for class Multi
rspec,rspec-expectations/lib/rspec/matchers/built_in/compound.rb,79a280d76e10,testing,5.3,13,3,59,0.0,1,0.0,32,8,30,0.938,com a biblioteca carregada,An error occurred while loading /var/folders/xt/zsl5k3z97rn823l5tt5fhfr40000gn/T/marta_c6_rspec_4o_nxatc/rspec-expectations__lib__rspec__matchers__built_in__compound.rb_spec.rb. Failure/Error: class MultipleExpectationsNotMetError < ExpectationNotMetError TypeError: superclass mismatch for class Mul
rspec,rspec-expectations/lib/rspec/matchers/built_in/contain_exactly.rb,79a280d76e10,testing,6.3,17,3,58,0.0,1,0.0,33,5,33,1.0,com a biblioteca carregada,An error occurred while loading /var/folders/xt/zsl5k3z97rn823l5tt5fhfr40000gn/T/marta_c6_rspec_4o_nxatc/rspec-expectations__lib__rspec__matchers__built_in__contain_exactly.rb_spec.rb. Failure/Error: class MultipleExpectationsNotMetError < ExpectationNotMetError TypeError: superclass mismatch for cl
rspec,rspec-expectations/lib/rspec/matchers/built_in/cover.rb,79a280d76e10,testing,3.7,4,0,67,0.0,1,0.0,3,4,3,1.0,com a biblioteca carregada,An error occurred while loading /var/folders/xt/zsl5k3z97rn823l5tt5fhfr40000gn/T/marta_c6_rspec_4o_nxatc/rspec-expectations__lib__rspec__matchers__built_in__cover.rb_spec.rb. Failure/Error: class MultipleExpectationsNotMetError < ExpectationNotMetError TypeError: superclass mismatch for class Multip
rspec,rspec-expectations/lib/rspec/matchers/built_in/eq.rb,79a280d76e10,testing,3.8,7,0,20,0.0,1,0.0,5,4,5,1.0,com a biblioteca carregada,An error occurred while loading /var/folders/xt/zsl5k3z97rn823l5tt5fhfr40000gn/T/marta_c6_rspec_4o_nxatc/rspec-expectations__lib__rspec__matchers__built_in__eq.rb_spec.rb. Failure/Error: class MultipleExpectationsNotMetError < ExpectationNotMetError TypeError: superclass mismatch for class MultipleE
rspec,rspec-expectations/lib/rspec/matchers/built_in/eql.rb,79a280d76e10,testing,4,7,0,25,0.0,1,0.0,4,4,4,1.0,com a biblioteca carregada,An error occurred while loading /var/folders/xt/zsl5k3z97rn823l5tt5fhfr40000gn/T/marta_c6_rspec_4o_nxatc/rspec-expectations__lib__rspec__matchers__built_in__eql.rb_spec.rb. Failure/Error: class MultipleExpectationsNotMetError < ExpectationNotMetError TypeError: superclass mismatch for class Multiple
rspec,rspec-expectations/lib/rspec/matchers/built_in/equal.rb,79a280d76e10,testing,5.8,13,0,33,0.0,1,0.0,9,4,9,1.0,com a biblioteca carregada,An error occurred while loading /var/folders/xt/zsl5k3z97rn823l5tt5fhfr40000gn/T/marta_c6_rspec_4o_nxatc/rspec-expectations__lib__rspec__matchers__built_in__equal.rb_spec.rb. Failure/Error: class MultipleExpectationsNotMetError < ExpectationNotMetError TypeError: superclass mismatch for class Multip
rspec,rspec-expectations/lib/rspec/matchers/built_in/exist.rb,79a280d76e10,testing,3.9,10,0,92,0.0,1,8.3,12,5,11,0.917,com a biblioteca carregada,An error occurred while loading /var/folders/xt/zsl5k3z97rn823l5tt5fhfr40000gn/T/marta_c6_rspec_4o_nxatc/rspec-expectations__lib__rspec__matchers__built_in__exist.rb_spec.rb. Failure/Error: class MultipleExpectationsNotMetError < ExpectationNotMetError TypeError: superclass mismatch for class Multip
rspec,rspec-expectations/lib/rspec/matchers/built_in/has.rb,79a280d76e10,testing,4.1,9,0,39,0.17,2,3.6,28,6,24,0.857,com a biblioteca carregada,An error occurred while loading /var/folders/xt/zsl5k3z97rn823l5tt5fhfr40000gn/T/marta_c6_rspec_4o_nxatc/rspec-expectations__lib__rspec__matchers__built_in__has.rb_spec.rb. Failure/Error: class MultipleExpectationsNotMetError < ExpectationNotMetError TypeError: superclass mismatch for class Multiple
rspec,rspec-expectations/lib/rspec/matchers/built_in/have_attributes.rb,79a280d76e10,testing,4.7,7,0,47,0.0,1,13.3,15,4,14,0.933,com a biblioteca carregada,An error occurred while loading /var/folders/xt/zsl5k3z97rn823l5tt5fhfr40000gn/T/marta_c6_rspec_4o_nxatc/rspec-expectations__lib__rspec__matchers__built_in__have_attributes.rb_spec.rb. Failure/Error: class MultipleExpectationsNotMetError < ExpectationNotMetError TypeError: superclass mismatch for cl
rspec,rspec-expectations/lib/rspec/matchers/built_in/include.rb,79a280d76e10,testing,6.5,16,0,83,0.25,1,0.0,24,4,23,0.958,com a biblioteca carregada,An error occurred while loading /var/folders/xt/zsl5k3z97rn823l5tt5fhfr40000gn/T/marta_c6_rspec_4o_nxatc/rspec-expectations__lib__rspec__matchers__built_in__include.rb_spec.rb. Failure/Error: class MultipleExpectationsNotMetError < ExpectationNotMetError TypeError: superclass mismatch for class Mult
rspec,rspec-expectations/lib/rspec/matchers/built_in/match.rb,79a280d76e10,testing,5.4,16,0,55,0.0,1,0.0,11,5,9,0.818,com a biblioteca carregada,An error occurred while loading /var/folders/xt/zsl5k3z97rn823l5tt5fhfr40000gn/T/marta_c6_rspec_4o_nxatc/rspec-expectations__lib__rspec__matchers__built_in__match.rb_spec.rb. Failure/Error: class MultipleExpectationsNotMetError < ExpectationNotMetError TypeError: superclass mismatch for class Multip
rspec,rspec-expectations/lib/rspec/matchers/built_in/operators.rb,79a280d76e10,testing,6.4,18,42,50,0.0,1,41.7,12,6,12,1.0,com a biblioteca carregada,An error occurred while loading /var/folders/xt/zsl5k3z97rn823l5tt5fhfr40000gn/T/marta_c6_rspec_4o_nxatc/rspec-expectations__lib__rspec__matchers__built_in__operators.rb_spec.rb. Failure/Error: class MultipleExpectationsNotMetError < ExpectationNotMetError TypeError: superclass mismatch for class Mu
rspec,rspec-expectations/lib/rspec/matchers/built_in/output.rb,79a280d76e10,testing,5.4,24,7,33,0.0,1,0.0,27,9,16,0.593,com a biblioteca carregada,An error occurred while loading /var/folders/xt/zsl5k3z97rn823l5tt5fhfr40000gn/T/marta_c6_rspec_4o_nxatc/rspec-expectations__lib__rspec__matchers__built_in__output.rb_spec.rb. Failure/Error: class MultipleExpectationsNotMetError < ExpectationNotMetError TypeError: superclass mismatch for class Multi
rspec,rspec-expectations/lib/rspec/matchers/built_in/raise_error.rb,79a280d76e10,testing,6.7,28,0,30,0.25,0,0.0,30,4,23,0.767,com a biblioteca carregada,An error occurred while loading /var/folders/xt/zsl5k3z97rn823l5tt5fhfr40000gn/T/marta_c6_rspec_4o_nxatc/rspec-expectations__lib__rspec__matchers__built_in__raise_error.rb_spec.rb. Failure/Error: class MultipleExpectationsNotMetError < ExpectationNotMetError TypeError: superclass mismatch for class 
rspec,rspec-expectations/lib/rspec/matchers/built_in/respond_to.rb,79a280d76e10,testing,5.4,15,0,45,0.0,1,4.5,22,5,18,0.818,com a biblioteca carregada,An error occurred while loading /var/folders/xt/zsl5k3z97rn823l5tt5fhfr40000gn/T/marta_c6_rspec_4o_nxatc/rspec-expectations__lib__rspec__matchers__built_in__respond_to.rb_spec.rb. Failure/Error: class MultipleExpectationsNotMetError < ExpectationNotMetError TypeError: superclass mismatch for class M
rspec,rspec-expectations/lib/rspec/matchers/built_in/satisfy.rb,79a280d76e10,testing,4,7,0,12,0.0,1,0.0,8,4,7,0.875,com a biblioteca carregada,An error occurred while loading /var/folders/xt/zsl5k3z97rn823l5tt5fhfr40000gn/T/marta_c6_rspec_4o_nxatc/rspec-expectations__lib__rspec__matchers__built_in__satisfy.rb_spec.rb. Failure/Error: class MultipleExpectationsNotMetError < ExpectationNotMetError TypeError: superclass mismatch for class Mult
rspec,rspec-expectations/lib/rspec/matchers/built_in/start_or_end_with.rb,79a280d76e10,testing,5.4,11,0,89,0.0,2,0.0,9,6,8,0.889,com a biblioteca carregada,An error occurred while loading /var/folders/xt/zsl5k3z97rn823l5tt5fhfr40000gn/T/marta_c6_rspec_4o_nxatc/rspec-expectations__lib__rspec__matchers__built_in__start_or_end_with.rb_spec.rb. Failure/Error: class MultipleExpectationsNotMetError < ExpectationNotMetError TypeError: superclass mismatch for 
rspec,rspec-expectations/lib/rspec/matchers/built_in/throw_symbol.rb,79a280d76e10,testing,7.5,48,0,15,0.25,0,0.0,13,4,10,0.769,com a biblioteca carregada,An error occurred while loading /var/folders/xt/zsl5k3z97rn823l5tt5fhfr40000gn/T/marta_c6_rspec_4o_nxatc/rspec-expectations__lib__rspec__matchers__built_in__throw_symbol.rb_spec.rb. Failure/Error: class MultipleExpectationsNotMetError < ExpectationNotMetError TypeError: superclass mismatch for class
rspec,rspec-expectations/lib/rspec/matchers/built_in/yield.rb,79a280d76e10,testing,5.0,17,2,47,0.12,1,0.0,49,8,32,0.653,com a biblioteca carregada,An error occurred while loading /var/folders/xt/zsl5k3z97rn823l5tt5fhfr40000gn/T/marta_c6_rspec_4o_nxatc/rspec-expectations__lib__rspec__matchers__built_in__yield.rb_spec.rb. Failure/Error: class MultipleExpectationsNotMetError < ExpectationNotMetError TypeError: superclass mismatch for class Multip
rspec,rspec-expectations/lib/rspec/matchers/dsl.rb,79a280d76e10,testing,6.0,15,0,39,1.0,0,27.3,33,7,25,0.758,com a biblioteca carregada,An error occurred while loading /var/folders/xt/zsl5k3z97rn823l5tt5fhfr40000gn/T/marta_c6_rspec_4o_nxatc/rspec-expectations__lib__rspec__matchers__dsl.rb_spec.rb. Failure/Error: class MultipleExpectationsNotMetError < ExpectationNotMetError TypeError: superclass mismatch for class MultipleExpectatio
rspec,rspec-expectations/lib/rspec/matchers/matcher_delegator.rb,79a280d76e10,testing,3.2,4,0,80,0.25,1,20.0,5,4,4,0.8,com a biblioteca carregada,An error occurred while loading /var/folders/xt/zsl5k3z97rn823l5tt5fhfr40000gn/T/marta_c6_rspec_4o_nxatc/rspec-expectations__lib__rspec__matchers__matcher_delegator.rb_spec.rb. Failure/Error: class MultipleExpectationsNotMetError < ExpectationNotMetError TypeError: superclass mismatch for class Mult
rspec,rspec-mocks/lib/rspec/mocks/any_instance/error_generator.rb,79a280d76e10,testing,3.6,4,20,20,0.0,1,0.0,5,4,5,1.0,com a biblioteca carregada,An error occurred while loading /var/folders/xt/zsl5k3z97rn823l5tt5fhfr40000gn/T/marta_c6_rspec_4o_nxatc/rspec-mocks__lib__rspec__mocks__any_instance__error_generator.rb_spec.rb. Failure/Error: class MultipleExpectationsNotMetError < ExpectationNotMetError TypeError: superclass mismatch for class Mu
rspec,rspec-mocks/lib/rspec/mocks/any_instance/expect_chain_chain.rb,79a280d76e10,testing,3.2,4,0,0,0.0,1,0.0,5,4,4,0.8,com a biblioteca carregada,An error occurred while loading /var/folders/xt/zsl5k3z97rn823l5tt5fhfr40000gn/T/marta_c6_rspec_4o_nxatc/rspec-mocks__lib__rspec__mocks__any_instance__expect_chain_chain.rb_spec.rb. Failure/Error: class MultipleExpectationsNotMetError < ExpectationNotMetError TypeError: superclass mismatch for class
rspec,rspec-mocks/lib/rspec/mocks/any_instance/expectation_chain.rb,79a280d76e10,testing,4.8,12,0,20,0.0,2,0.0,5,5,5,1.0,com a biblioteca carregada,An error occurred while loading /var/folders/xt/zsl5k3z97rn823l5tt5fhfr40000gn/T/marta_c6_rspec_4o_nxatc/rspec-mocks__lib__rspec__mocks__any_instance__expectation_chain.rb_spec.rb. Failure/Error: class MultipleExpectationsNotMetError < ExpectationNotMetError TypeError: superclass mismatch for class 
rspec,rspec-mocks/lib/rspec/mocks/any_instance/stub_chain.rb,79a280d76e10,testing,6,14,0,50,0.0,1,0.0,4,4,3,0.75,com a biblioteca carregada,An error occurred while loading /var/folders/xt/zsl5k3z97rn823l5tt5fhfr40000gn/T/marta_c6_rspec_4o_nxatc/rspec-mocks__lib__rspec__mocks__any_instance__stub_chain.rb_spec.rb. Failure/Error: class MultipleExpectationsNotMetError < ExpectationNotMetError TypeError: superclass mismatch for class Multipl
rspec,rspec-mocks/lib/rspec/mocks/any_instance/stub_chain_chain.rb,79a280d76e10,testing,3.3,4,0,0,0.0,1,0.0,3,4,3,1.0,com a biblioteca carregada,An error occurred while loading /var/folders/xt/zsl5k3z97rn823l5tt5fhfr40000gn/T/marta_c6_rspec_4o_nxatc/rspec-mocks__lib__rspec__mocks__any_instance__stub_chain_chain.rb_spec.rb. Failure/Error: class MultipleExpectationsNotMetError < ExpectationNotMetError TypeError: superclass mismatch for class M
rspec,rspec-mocks/lib/rspec/mocks/configuration.rb,79a280d76e10,testing,4.7,14,6,44,0.0,0,0.0,16,3,12,0.75,com a biblioteca carregada,An error occurred while loading /var/folders/xt/zsl5k3z97rn823l5tt5fhfr40000gn/T/marta_c6_rspec_4o_nxatc/rspec-mocks__lib__rspec__mocks__configuration.rb_spec.rb. Failure/Error: class MultipleExpectationsNotMetError < ExpectationNotMetError TypeError: superclass mismatch for class MultipleExpectatio
rspec,rspec-mocks/lib/rspec/mocks/example_methods.rb,79a280d76e10,testing,4.4,13,24,24,0.5,0,0.0,17,4,15,0.882,com a biblioteca carregada,An error occurred while loading /var/folders/xt/zsl5k3z97rn823l5tt5fhfr40000gn/T/marta_c6_rspec_4o_nxatc/rspec-mocks__lib__rspec__mocks__example_methods.rb_spec.rb. Failure/Error: RSpec::Support.require_rspec_mocks 'object_reference' NoMethodError: undefined method 'require_rspec_mocks' for module R
rspec,rspec-mocks/lib/rspec/mocks/matchers/have_received.rb,79a280d76e10,testing,4.0,8,0,36,0.25,0,4.5,22,4,18,0.818,com a biblioteca carregada,An error occurred while loading /var/folders/xt/zsl5k3z97rn823l5tt5fhfr40000gn/T/marta_c6_rspec_4o_nxatc/rspec-mocks__lib__rspec__mocks__matchers__have_received.rb_spec.rb. Failure/Error: class MultipleExpectationsNotMetError < ExpectationNotMetError TypeError: superclass mismatch for class Multiple
rspec,rspec-mocks/lib/rspec/mocks/matchers/receive.rb,79a280d76e10,testing,4.8,11,0,29,0.2,0,5.9,17,5,13,0.765,com a biblioteca carregada,An error occurred while loading /var/folders/xt/zsl5k3z97rn823l5tt5fhfr40000gn/T/marta_c6_rspec_4o_nxatc/rspec-mocks__lib__rspec__mocks__matchers__receive.rb_spec.rb. Failure/Error: class MultipleExpectationsNotMetError < ExpectationNotMetError TypeError: superclass mismatch for class MultipleExpect
rspec,rspec-mocks/lib/rspec/mocks/matchers/receive_message_chain.rb,79a280d76e10,testing,4.8,9,0,40,0.25,0,0.0,10,4,10,1.0,com a biblioteca carregada,An error occurred while loading /var/folders/xt/zsl5k3z97rn823l5tt5fhfr40000gn/T/marta_c6_rspec_4o_nxatc/rspec-mocks__lib__rspec__mocks__matchers__receive_message_chain.rb_spec.rb. Failure/Error: class MultipleExpectationsNotMetError < ExpectationNotMetError TypeError: superclass mismatch for class 
rspec,rspec-mocks/lib/rspec/mocks/matchers/receive_messages.rb,79a280d76e10,testing,4.2,6,0,42,0.25,0,0.0,12,4,12,1.0,com a biblioteca carregada,An error occurred while loading /var/folders/xt/zsl5k3z97rn823l5tt5fhfr40000gn/T/marta_c6_rspec_4o_nxatc/rspec-mocks__lib__rspec__mocks__matchers__receive_messages.rb_spec.rb. Failure/Error: class MultipleExpectationsNotMetError < ExpectationNotMetError TypeError: superclass mismatch for class Multi
rspec,rspec-mocks/lib/rspec/mocks/verifying_double.rb,79a280d76e10,testing,8,16,0,50,0.86,1,12.5,8,7,7,0.875,com a biblioteca carregada,An error occurred while loading /var/folders/xt/zsl5k3z97rn823l5tt5fhfr40000gn/T/marta_c6_rspec_4o_nxatc/rspec-mocks__lib__rspec__mocks__verifying_double.rb_spec.rb. Failure/Error: class MultipleExpectationsNotMetError < ExpectationNotMetError TypeError: superclass mismatch for class MultipleExpecta
rspec,rspec-mocks/lib/rspec/mocks/verifying_message_expectation.rb,79a280d76e10,testing,9,15,0,67,0.0,1,0.0,3,3,3,1.0,com a biblioteca carregada,An error occurred while loading /var/folders/xt/zsl5k3z97rn823l5tt5fhfr40000gn/T/marta_c6_rspec_4o_nxatc/rspec-mocks__lib__rspec__mocks__verifying_message_expectation.rb_spec.rb. Failure/Error: class MultipleExpectationsNotMetError < ExpectationNotMetError TypeError: superclass mismatch for class Mu
rspec,rspec-mocks/lib/rspec/mocks/verifying_proxy.rb,79a280d76e10,testing,5.2,13,4,56,0.27,3,0.0,25,11,22,0.88,com a biblioteca carregada,An error occurred while loading /var/folders/xt/zsl5k3z97rn823l5tt5fhfr40000gn/T/marta_c6_rspec_4o_nxatc/rspec-mocks__lib__rspec__mocks__verifying_proxy.rb_spec.rb. Failure/Error: class MultipleExpectationsNotMetError < ExpectationNotMetError TypeError: superclass mismatch for class MultipleExpectat
spring,lib/spring/commands.rb,b7f3fd04b2ed,testing,3,3,100,100,0.0,0,0.0,3,1,3,1.0,isolado,"While loading /var/folders/xt/zsl5k3z97rn823l5tt5fhfr40000gn/T/marta_c6_rspec_1kssmgxa/lib__spring__commands.rb_spec.rb an `exit` / `raise SystemExit` occurred, RSpec will now quit. Failure/Error: require ""bundler/setup"" SystemExit: exit # ./lib/spring/commands.rb:37:in '<module:Spring>' # ./lib/spr"
spring,lib/spring/server.rb,b7f3fd04b2ed,testing,6.6,27,6,56,0.0,0,0.0,18,3,18,1.0,isolado,"While loading /var/folders/xt/zsl5k3z97rn823l5tt5fhfr40000gn/T/marta_c6_rspec_1kssmgxa/lib__spring__server.rb_spec.rb an `exit` / `raise SystemExit` occurred, RSpec will now quit. Failure/Error: require ""bundler/setup"" SystemExit: exit # ./lib/spring/commands.rb:37:in '<module:Spring>' # ./lib/sprin"
