gem,ficheiro,commit,categoria,loc_medio,loc_max,pct_singleton,pct_duck,mixins_por_classe,profundidade_heranca,metaprog_por_100,metodos,classes,formas,razao_formas,modo,componente,tamanho_componente,origem,posicao_ranking,relacionado,vizinhos_no_corpus,ligacoes_possiveis_no_corpus
aasm,lib/aasm/core/invokers/base_invoker.rb,88061ec5104a,state machines,4.6,7,0,14,0.0,0,0.0,7,4,5,0.714,isolado,aasm#3,4,grupo,,True,3,3
aasm,lib/aasm/core/invokers/class_invoker.rb,88061ec5104a,state machines,4.5,12,0,82,0.0,1,0.0,11,4,11,1.0,isolado,aasm#3,4,grupo,,True,1,1
aasm,lib/aasm/core/invokers/literal_invoker.rb,88061ec5104a,state machines,4.8,9,0,92,0.0,1,53.8,13,4,13,1.0,isolado,aasm#3,4,grupo,,True,1,1
aasm,lib/aasm/core/invokers/proc_invoker.rb,88061ec5104a,state machines,6.8,17,0,90,0.0,1,70.0,10,4,10,1.0,isolado,aasm#3,4,grupo,,True,1,1
aasm,lib/aasm/persistence/plain_persistence.rb,88061ec5104a,state machines,4.3,7,0,0,0.0,0,100.0,3,3,3,1.0,isolado,aasm#7,1,diversidade,70,False,0,0
active_model_serializers,lib/active_model_serializers/model.rb,6934c8bd31f4,api builder and discovery,5.4,7,38,100,1.0,0,12.5,8,3,8,1.0,isolado,active_model_serializers#0,13,diversidade,51,False,0,0
activerecord,lib/active_record/associations/builder/belongs_to.rb,3989ebf3473d,orm/odm,13.9,34,100,82,0.0,1,45.5,11,2,10,0.909,isolado,activerecord#5,3,grupo,,True,1,1
activerecord,lib/active_record/associations/builder/has_one.rb,3989ebf3473d,orm/odm,5.6,11,100,75,0.0,1,12.5,8,2,7,0.875,isolado,activerecord#5,3,grupo,,True,1,1
activerecord,lib/active_record/associations/builder/singular_association.rb,3989ebf3473d,orm/odm,15.5,21,100,75,0.0,1,50.0,4,2,4,1.0,isolado,activerecord#8,1,diversidade,64,False,0,0
activerecord,lib/active_record/errors.rb,3989ebf3473d,orm/odm,7.5,35,14,23,0.03,5,0.0,22,60,17,0.773,isolado,activerecord#113,1,diversidade,21,False,0,0
activerecord,lib/active_record/migration/default_strategy.rb,3989ebf3473d,orm/odm,3,3,0,100,0.0,1,33.3,3,3,3,1.0,isolado,activerecord#129,1,diversidade,17,False,0,0
activerecord,lib/active_record/relation.rb,3989ebf3473d,orm/odm,7.3,44,2,76,2.5,0,2.0,100,4,99,0.99,isolado,activerecord#1,43,diversidade,6,False,0,0
activerecord,lib/active_record/touch_later.rb,3989ebf3473d,orm/odm,8,26,0,43,0.0,0,0.0,7,2,7,1.0,isolado,activerecord#5,3,grupo,,True,2,2
activerecord-import,lib/activerecord-import/adapters/mysql_adapter.rb,8ac907c9bbc5,orm/odm extensions,13.1,52,0,100,2.0,0,0.0,9,1,9,1.0,com a biblioteca carregada,activerecord-import#5,3,grupo,,True,1,2
activerecord-import,lib/activerecord-import/adapters/sqlite3_adapter.rb,8ac907c9bbc5,orm/odm extensions,9.6,35,0,87,2.0,0,0.0,15,1,14,0.933,com a biblioteca carregada,activerecord-import#5,3,grupo,,True,1,2
activerecord-import,lib/activerecord-import/import.rb,8ac907c9bbc5,orm/odm extensions,30,202,64,82,0.09,1,114.3,28,11,27,0.964,com a biblioteca carregada,activerecord-import#7,2,diversidade,72,False,0,2
activerecord-import,lib/activerecord-import/value_sets_parser.rb,8ac907c9bbc5,orm/odm extensions,6.9,28,25,62,0.0,1,0.0,8,4,7,0.875,com a biblioteca carregada,activerecord-import#5,3,grupo,,True,2,2
activesupport,lib/active_support/configurable.rb,3989ebf3473d,core extensions,6.9,18,14,57,0.25,3,100.0,7,4,7,1.0,isolado,activesupport#10,1,diversidade,32,False,0,0
activesupport,lib/active_support/delegation.rb,3989ebf3473d,core extensions,54,128,100,67,0.0,1,66.7,3,3,3,1.0,isolado,activesupport#0,43,diversidade,2,False,0,0
activesupport,lib/active_support/multibyte/unicode.rb,3989ebf3473d,core extensions,4.5,7,0,100,0.33,0,0.0,4,3,4,1.0,isolado,activesupport#65,1,diversidade,45,False,0,0
activesupport,lib/active_support/test_case.rb,3989ebf3473d,core extensions,4,14,82,9,6.0,1,0.0,11,2,10,0.909,isolado,activesupport#80,3,diversidade,4,False,0,0
addressable,lib/addressable/idna/pure.rb,0c3e8589b23d,core extensions,27.7,120,100,100,0.2,1,0.0,12,5,12,1.0,isolado,addressable#0,3,grupo,,True,1,2
addressable,lib/addressable/template.rb,0c3e8589b23d,core extensions,14.8,96,0,70,0.0,1,0.0,30,6,30,1.0,isolado,addressable#0,3,grupo,,True,1,2
addressable,lib/addressable/uri.rb,0c3e8589b23d,core extensions,18.5,93,16,69,0.0,1,3.4,88,6,87,0.989,isolado,addressable#0,3,grupo,59,True,2,2
bootsnap,lib/bootsnap/cli.rb,e099ec707644,optimizations,14.1,62,0,33,0.0,0,6.7,15,3,13,0.867,isolado,bootsnap#0,10,diversidade,86,True,1,1
bootsnap,lib/bootsnap/compile_cache.rb,e099ec707644,optimizations,12,28,100,0,0.0,0,0.0,3,2,3,1.0,isolado,bootsnap#0,10,diversidade,34,True,1,1
brakeman,lib/brakeman/options.rb,fffc4837becb,code analysis and metrics,105,397,100,50,0.0,0,0.0,4,1,3,0.75,isolado,brakeman#0,13,diversidade,54,False,0,0
brakeman,lib/brakeman/processors/lib/call_conversion_helper.rb,fffc4837becb,code analysis and metrics,13.7,24,0,100,0.0,0,16.7,6,2,6,1.0,isolado,brakeman#0,13,diversidade,75,False,0,0
bullet,lib/bullet.rb,bc55c037d27a,profiler and optimization,6.1,20,100,52,0.5,1,0.0,31,2,26,0.839,isolado,bullet#0,8,diversidade,29,False,0,0
byebug,lib/byebug/commands/restart.rb,aff644023372,debugging tools,5.8,11,50,50,1.0,1,0.0,6,2,5,0.833,isolado,byebug#1,67,diversidade,52,False,0,0
capybara,lib/capybara/selenium/extensions/html5_drag.rb,a210c6e57872,testing,9,12,0,100,0.0,1,0.0,4,2,4,1.0,isolado,capybara#35,6,grupo,,True,3,3
capybara,lib/capybara/selenium/node.rb,a210c6e57872,testing,6.5,36,0,80,1.0,1,1.4,71,3,66,0.93,isolado,capybara#35,6,grupo,,True,4,4
capybara,lib/capybara/selenium/nodes/chrome_node.rb,a210c6e57872,testing,7.1,17,0,79,2.0,2,14.3,14,1,13,0.929,isolado,capybara#35,6,grupo,,True,2,2
capybara,lib/capybara/selenium/nodes/edge_node.rb,a210c6e57872,testing,8.2,17,0,91,1.0,2,18.2,11,1,11,1.0,isolado,capybara#35,6,grupo,66,True,2,2
capybara,lib/capybara/selenium/nodes/firefox_node.rb,a210c6e57872,testing,7.9,24,0,93,2.0,2,7.1,14,1,13,0.929,isolado,capybara#35,6,grupo,,True,2,2
capybara,lib/capybara/selenium/nodes/safari_node.rb,a210c6e57872,testing,9.2,19,0,100,0.0,2,0.0,10,1,10,1.0,isolado,capybara#35,6,grupo,,True,1,1
carrierwave,lib/carrierwave/storage/fog.rb,5effe4ecaae9,file upload,7.4,48,6,88,0.5,1,0.0,34,4,33,0.971,isolado,carrierwave#8,1,diversidade,84,False,0,0
childprocess,lib/childprocess/process_spawn_process.rb,c756730c4ac4,processes,15.9,58,0,57,0.0,1,0.0,7,2,6,0.857,isolado,childprocess#0,3,diversidade,96,False,0,0
cocoapods,lib/cocoapods/command/install.rb,5493bfd201a3,package management,7.3,9,33,100,0.67,2,0.0,3,3,3,1.0,isolado,cocoapods#0,45,diversidade,31,False,0,0
colorize,lib/colorize/class_methods.rb,a252d8af6b76,cli utilities,5.7,11,0,55,0.0,0,15.0,20,2,14,0.7,isolado,colorize#0,1,diversidade,49,False,0,0
commander,lib/commander/command.rb,b4c6be4b149c,cli builder,5.1,11,0,73,0.33,0,20.0,15,3,14,0.933,isolado,commander#0,3,grupo,,True,1,2
commander,lib/commander/runner.rb,b4c6be4b149c,cli builder,7.7,38,9,64,0.0,2,0.0,33,4,31,0.939,isolado,commander#0,3,grupo,,True,2,2
commander,lib/commander/user_interaction.rb,b4c6be4b149c,cli builder,7.4,32,0,83,0.0,0,6.7,30,4,28,0.933,isolado,commander#0,3,grupo,,True,1,2
concurrent-ruby,lib/concurrent-ruby/concurrent/executor/java_thread_pool_executor.rb,0b88d5ff75f6,concurrency and parallelism,5.1,35,0,87,0.5,4,0.0,15,2,15,1.0,com a biblioteca carregada,concurrent-ruby#8,1,diversidade,43,False,0,0
dalli,lib/dalli.rb,fc1b590e462a,caching,4,6,100,25,0.0,3,0.0,4,11,4,1.0,isolado,dalli#0,15,diversidade,93,False,0,0
danger,lib/danger/ci_source/ci_source.rb,c94d38b3ce68,automation,3.1,4,57,29,0.0,0,0.0,7,2,6,0.857,isolado,danger#7,19,grupo,,True,1,1
danger,lib/danger/ci_source/local_only_git_repo.rb,c94d38b3ce68,automation,3.3,5,33,50,0.0,1,0.0,6,2,6,1.0,isolado,danger#7,19,grupo,,True,1,1
danger,lib/danger/commands/local.rb,c94d38b3ce68,automation,12,20,20,60,0.0,2,0.0,5,2,5,1.0,isolado,danger#7,19,grupo,,True,1,1
danger,lib/danger/commands/mr.rb,c94d38b3ce68,automation,14,21,20,60,0.0,2,0.0,5,2,5,1.0,isolado,danger#7,19,grupo,,True,1,1
danger,lib/danger/commands/pr.rb,c94d38b3ce68,automation,14.4,21,20,60,0.0,2,0.0,5,2,5,1.0,isolado,danger#7,19,grupo,,True,1,1
danger,lib/danger/commands/staging.rb,c94d38b3ce68,automation,9.8,15,25,50,0.0,2,0.0,4,2,4,1.0,isolado,danger#7,19,grupo,,True,1,1
danger,lib/danger/danger_core/environment_manager.rb,c94d38b3ce68,automation,6.2,19,25,56,0.0,0,0.0,16,2,15,0.938,isolado,danger#7,19,grupo,,True,14,14
danger,lib/danger/danger_core/executor.rb,c94d38b3ce68,automation,9.2,35,0,38,0.0,0,0.0,8,2,8,1.0,isolado,danger#7,19,grupo,,True,1,1
danger,lib/danger/helpers/comment.rb,c94d38b3ce68,automation,4.4,8,40,80,0.0,0,0.0,5,2,5,1.0,isolado,danger#7,19,grupo,,True,2,2
danger,lib/danger/helpers/comments_helper.rb,c94d38b3ce68,automation,8.9,21,0,64,0.33,0,0.0,14,3,14,1.0,isolado,danger#7,19,grupo,,True,7,7
danger,lib/danger/helpers/comments_parsing_helper.rb,c94d38b3ce68,automation,8.2,16,0,50,0.0,0,0.0,6,3,6,1.0,isolado,danger#7,19,grupo,,True,5,5
danger,lib/danger/plugin_support/plugin.rb,c94d38b3ce68,automation,3.6,7,57,43,0.0,0,28.6,7,2,7,1.0,isolado,danger#38,4,diversidade,81,False,0,0
danger,lib/danger/request_sources/bitbucket_cloud.rb,c94d38b3ce68,automation,10.4,42,14,64,0.33,1,0.0,14,3,13,0.929,isolado,danger#7,19,grupo,,True,2,2
danger,lib/danger/request_sources/bitbucket_server.rb,c94d38b3ce68,automation,9.4,44,11,74,0.33,1,0.0,19,3,18,0.947,isolado,danger#7,19,grupo,,True,2,2
danger,lib/danger/request_sources/github/github.rb,c94d38b3ce68,automation,14.6,68,5,82,0.33,1,0.0,38,3,35,0.921,isolado,danger#7,19,grupo,,True,4,5
danger,lib/danger/request_sources/github/github_review.rb,c94d38b3ce68,automation,5.5,12,0,57,0.25,0,0.0,14,4,11,0.786,isolado,danger#7,19,grupo,,True,2,3
danger,lib/danger/request_sources/gitlab.rb,c94d38b3ce68,automation,14.8,77,6,74,0.33,1,0.0,34,3,32,0.941,isolado,danger#7,19,grupo,124,True,4,4
danger,lib/danger/request_sources/local_only.rb,c94d38b3ce68,automation,3.2,9,11,11,0.33,1,0.0,9,3,6,0.667,isolado,danger#7,19,grupo,,True,1,1
danger,lib/danger/request_sources/request_source.rb,c94d38b3ce68,automation,3.5,9,32,21,0.0,0,0.0,19,3,12,0.632,isolado,danger#7,19,grupo,,True,1,1
danger,lib/danger/request_sources/vsts.rb,c94d38b3ce68,automation,12.2,57,10,70,0.33,1,0.0,20,3,17,0.85,isolado,danger#7,19,grupo,,True,3,3
debug,lib/debug/breakpoint.rb,bad4d38f8330,developer tooling,8.9,43,2,62,0.25,1,7.7,52,8,46,0.885,isolado,debug#1,14,grupo,,True,2,7
debug,lib/debug/client.rb,bad4d38f8330,developer tooling,19.1,62,42,58,0.0,1,33.3,12,3,12,1.0,isolado,debug#1,14,grupo,,True,1,2
debug,lib/debug/config.rb,bad4d38f8330,developer tooling,18.1,177,52,59,0.0,0,11.1,27,2,26,0.963,isolado,debug#1,14,grupo,,True,4,10
debug,lib/debug/console.rb,bad4d38f8330,developer tooling,11.8,65,0,50,0.5,0,0.0,16,2,13,0.812,isolado,debug#1,14,grupo,,True,1,3
debug,lib/debug/dap_custom/traceInspector.rb,bad4d38f8330,developer tooling,14.8,53,0,90,0.0,1,10.0,20,7,19,0.95,isolado,debug#1,14,grupo,,True,2,4
debug,lib/debug/frame_info.rb,bad4d38f8330,developer tooling,6.5,17,5,68,0.0,0,0.0,22,2,22,1.0,isolado,debug#1,14,grupo,,True,2,5
debug,lib/debug/irb_integration.rb,bad4d38f8330,developer tooling,7.7,8,0,33,0.0,0,66.7,3,4,3,1.0,isolado,debug#1,14,grupo,,True,2,3
debug,lib/debug/local.rb,bad4d38f8330,developer tooling,7.2,17,0,31,0.0,1,0.0,13,2,13,1.0,isolado,debug#1,14,grupo,135,True,1,6
debug,lib/debug/server.rb,bad4d38f8330,developer tooling,18.4,58,0,73,0.0,2,0.0,26,8,24,0.923,isolado,debug#1,14,grupo,,True,5,7
debug,lib/debug/server_cdp.rb,bad4d38f8330,developer tooling,27,202,9,83,0.27,1,26.1,46,11,42,0.913,isolado,debug#1,14,grupo,33,True,4,7
debug,lib/debug/server_dap.rb,bad4d38f8330,developer tooling,32.6,219,12,81,0.17,1,28.1,32,6,31,0.969,isolado,debug#1,14,grupo,,True,4,6
debug,lib/debug/session.rb,bad4d38f8330,developer tooling,15.6,675,16,69,0.62,1,3.4,149,24,129,0.866,isolado,debug#1,14,grupo,,True,10,11
debug,lib/debug/thread_client.rb,bad4d38f8330,developer tooling,14.7,377,1,76,0.62,1,5.7,87,8,82,0.943,isolado,debug#1,14,grupo,,True,8,11
debug,lib/debug/tracer.rb,bad4d38f8330,developer tooling,9.6,55,0,67,0.33,1,4.8,21,6,20,0.952,isolado,debug#1,14,grupo,,True,4,8
devise,lib/devise/models.rb,9ea459de9aec,authentication and oauth,13.5,34,33,67,1.33,1,100.0,6,3,6,1.0,isolado,devise#1,1,diversidade,38,False,0,0
diffy,lib/diffy/diff.rb,72dc29ff5a5b,diff,13.4,35,20,80,0.5,0,10.0,10,2,10,1.0,isolado,diffy#0,2,diversidade,90,False,0,0
doorkeeper,lib/generators/doorkeeper/enable_polymorphic_resource_owner_generator.rb,75a84fefe686,authentication and oauth,6,12,33,0,0.5,1,0.0,3,2,3,1.0,isolado,doorkeeper#39,1,diversidade,80,False,0,0
dry-types,lib/dry/types.rb,1a13fb04926f,type signatures and type checking,7.3,28,100,50,2.0,0,8.3,12,2,10,0.833,isolado,dry-types#0,21,diversidade,69,False,0,0
dry-types,lib/dry/types/predicate_registry.rb,1a13fb04926f,type signatures and type checking,2.3,3,0,33,0.0,0,0.0,3,3,3,1.0,isolado,dry-types#12,1,diversidade,57,False,0,0
eye,lib/eye/child_process.rb,300aa8793112,process management and monitoring,3.8,17,0,21,8.0,0,0.0,14,1,11,0.786,com a biblioteca carregada,eye#1,36,diversidade,71,False,0,0
eye,lib/eye/dsl/pure_opts.rb,300aa8793112,process management and monitoring,11.9,39,22,33,0.0,0,122.2,9,1,7,0.778,isolado,eye#1,36,diversidade,9,False,0,0
faker,lib/faker/default/cosmere.rb,e48d35f4fa0d,testing,3,3,100,0,0.0,1,0.0,10,2,10,1.0,isolado,faker#7,1,diversidade,101,False,0,0
faraday,lib/faraday.rb,f1ace878bae1,http clients and tools,4,7,100,29,0.0,0,14.3,7,1,7,1.0,isolado,faraday#0,1,diversidade,14,False,0,0
fastimage,lib/fastimage/fastimage_parsing/fiber_stream.rb,7a0dcf780e6d,image processing,11,17,0,50,0.5,0,0.0,4,2,4,1.0,isolado,fastimage#2,1,diversidade,92,False,0,0
fastlane,deliver/lib/deliver/setup.rb,38d0ec404332,mobile development,26.1,89,0,57,0.0,0,142.9,7,2,7,1.0,isolado,fastlane#0,349,diversidade,56,False,0,0
fastlane,fastlane/lib/fastlane/action.rb,38d0ec404332,mobile development,4.3,10,74,4,0.33,0,0.0,27,3,19,0.704,isolado,fastlane#0,349,diversidade,65,False,0,0
fastlane,produce/lib/produce/service.rb,38d0ec404332,mobile development,39.6,328,30,50,1.5,0,0.0,10,2,9,0.9,isolado,fastlane#0,349,diversidade,11,False,0,0
fastlane,spaceship/lib/spaceship/connect_api/file_uploader.rb,38d0ec404332,mobile development,27.7,35,100,100,0.0,0,33.3,3,3,3,1.0,isolado,fastlane#0,349,diversidade,82,False,0,0
fastlane,spaceship/lib/spaceship/portal/cloud_container.rb,38d0ec404332,mobile development,4,5,100,100,0.0,2,0.0,3,3,3,1.0,isolado,fastlane#101,1,diversidade,19,False,0,0
foreman,lib/foreman/engine.rb,3530b8e4a1b1,process management and monitoring,7.9,30,0,63,0.0,0,0.0,43,1,40,0.93,isolado,foreman#1,2,diversidade,68,False,0,0
geocoder,lib/geocoder/results/ipqualityscore.rb,d3515db46c57,geolocation,11,27,33,0,0.0,1,0.0,3,3,3,1.0,isolado,geocoder#52,1,diversidade,30,False,0,0
geocoder,lib/geocoder/stores/active_record.rb,d3515db46c57,geolocation,13.1,62,6,82,0.33,0,41.2,17,3,17,1.0,isolado,geocoder#1,45,diversidade,50,False,0,0
gitlab,lib/gitlab.rb,4818c5712616,third-party apis,4.3,7,100,67,1.0,0,33.3,6,1,6,1.0,isolado,gitlab#0,3,grupo,,True,1,1
gitlab,lib/gitlab/cli.rb,4818c5712616,third-party apis,19.7,43,100,67,1.0,0,0.0,3,1,3,1.0,isolado,gitlab#1,2,diversidade,41,False,0,0
gitlab,lib/gitlab/cli_helpers.rb,4818c5712616,third-party apis,9.4,32,0,67,0.0,0,11.1,18,2,17,0.944,isolado,gitlab#0,3,grupo,,True,2,2
gitlab,lib/gitlab/client.rb,4818c5712616,third-party apis,4.2,5,0,75,32.5,2,0.0,4,2,4,1.0,isolado,gitlab#2,1,diversidade,12,False,0,0
gitlab,lib/gitlab/help.rb,4818c5712616,third-party apis,10.3,18,100,83,1.0,0,0.0,6,1,6,1.0,isolado,gitlab#0,3,grupo,,True,1,1
gli,lib/gli/gli_option_parser.rb,4029b76c888a,cli builder,17.9,57,0,73,0.0,2,9.1,11,5,11,1.0,isolado,gli#13,2,diversidade,37,False,0,0
guard,lib/guard.rb,170d63c6ca57,file system listener,11,28,100,89,1.0,0,11.1,9,1,9,1.0,isolado,guard#0,22,diversidade,10,False,0,0
guard,lib/guard/deprecated/guard.rb,170d63c6ca57,file system listener,6.3,50,4,19,0.25,0,11.1,27,4,26,0.963,isolado,guard#0,22,diversidade,67,False,0,0
hashie,lib/hashie/utils.rb,ce2226269688,core extensions,7.7,8,100,67,0.0,0,0.0,3,2,3,1.0,isolado,hashie#7,3,diversidade,77,False,0,0
httpclient,lib/httpclient.rb,5bc7b0d383c4,http clients and tools,8.9,44,3,59,0.1,2,8.5,71,10,54,0.761,isolado,httpclient#0,10,diversidade,28,False,0,0
i18n,lib/i18n/locale/tag/rfc4646.rb,8beba7876163,internationalization,3.6,6,57,71,0.2,1,14.3,7,5,7,1.0,isolado,i18n#13,1,diversidade,35,False,0,0
jaro_winkler,lib/jaro_winkler/jaro_winkler_pure.rb,9d7b6c110fa8,scientific,17.1,84,100,71,0.0,2,0.0,7,3,7,1.0,isolado,jaro_winkler#0,1,diversidade,46,False,0,0
kaminari,kaminari-core/lib/kaminari/helpers/paginator.rb,508caf4653b2,pagination,4.3,16,0,78,0.25,1,14.8,27,4,26,0.963,isolado,kaminari#0,5,diversidade,88,False,0,0
kramdown,lib/kramdown/parser/kramdown/html.rb,12b3d2e75279,markdown processors,42,59,0,100,0.67,1,0.0,3,3,3,1.0,com a biblioteca carregada,kramdown#0,14,diversidade,58,False,0,0
liquid,lib/liquid/tags/capture.rb,7a5e45fc4784,template engine,4.8,7,0,50,0.5,2,0.0,6,2,6,1.0,isolado,liquid#0,29,diversidade,53,False,0,0
logging,lib/logging/logger.rb,aec306300d18,logging,9.2,43,23,81,0.0,0,7.7,26,2,25,0.962,isolado,logging#0,19,diversidade,79,False,0,0
mail,lib/mail/encodings/base64.rb,d645d7b5b7d0,email,3,3,100,0,0.0,5,0.0,5,3,4,0.8,isolado,mail#0,27,diversidade,7,True,1,1
mail,lib/mail/utilities.rb,d645d7b5b7d0,email,6.8,59,49,75,0.25,0,1.8,55,4,49,0.891,isolado,mail#0,27,diversidade,55,True,1,1
money,lib/money/money.rb,26e2829c34f1,money,5.9,20,29,51,1.5,1,0.0,41,2,37,0.902,isolado,money#3,1,diversidade,99,False,0,0
mongo,lib/mongo/auth/aws/conversation.rb,049b718a2d47,database drivers,12.4,32,0,60,0.0,2,0.0,5,4,5,1.0,isolado,mongo#5,8,grupo,,True,2,2
mongo,lib/mongo/auth/conversation_base.rb,049b718a2d47,database drivers,8.8,16,0,50,0.0,0,0.0,4,3,4,1.0,isolado,mongo#5,8,grupo,,True,5,5
mongo,lib/mongo/auth/gssapi/conversation.rb,049b718a2d47,database drivers,6.4,11,0,80,0.0,2,0.0,5,4,5,1.0,isolado,mongo#5,8,grupo,,True,1,1
mongo,lib/mongo/auth/sasl_conversation_base.rb,049b718a2d47,database drivers,8.8,17,0,80,0.0,1,40.0,5,3,5,1.0,isolado,mongo#5,8,grupo,,True,3,3
mongo,lib/mongo/auth/scram/conversation.rb,049b718a2d47,database drivers,5.3,8,0,67,0.0,3,0.0,3,4,3,1.0,isolado,mongo#5,8,grupo,,True,1,1
mongo,lib/mongo/auth/scram256/conversation.rb,049b718a2d47,database drivers,5.7,9,0,67,0.0,3,0.0,3,4,3,1.0,isolado,mongo#5,8,grupo,,True,1,1
mongo,lib/mongo/auth/scram_conversation_base.rb,049b718a2d47,database drivers,4.6,23,0,46,0.0,2,0.0,26,3,25,0.962,isolado,mongo#5,8,grupo,,True,4,4
mongo,lib/mongo/auth/x509/conversation.rb,049b718a2d47,database drivers,4.3,5,0,33,0.0,1,0.0,3,4,3,1.0,isolado,mongo#5,8,grupo,,True,1,1
mongo,lib/mongo/collection.rb,049b718a2d47,database drivers,7,50,0,49,2.0,0,0.0,37,2,35,0.946,isolado,mongo#12,47,diversidade,40,False,0,0
mongo,lib/mongo/config/options.rb,049b718a2d47,database drivers,6.8,18,0,50,0.0,0,125.0,4,3,3,0.75,isolado,mongo#38,1,diversidade,104,False,0,0
mongo,lib/mongo/crypt/kms.rb,049b718a2d47,database drivers,19,31,33,100,0.0,1,0.0,3,5,3,1.0,isolado,mongo#40,4,diversidade,62,False,0,0
paper_trail,lib/paper_trail.rb,0c511ed46c08,orm/odm extensions,3.6,7,100,10,1.0,0,0.0,10,1,9,0.9,isolado,paper_trail#0,15,diversidade,97,False,0,0
paper_trail,lib/paper_trail/record_history.rb,0c511ed46c08,orm/odm extensions,4.4,9,0,80,0.0,0,0.0,5,2,5,1.0,isolado,paper_trail#6,1,diversidade,102,False,0,0
parallel,lib/parallel.rb,cd5ba09894cd,concurrency and parallelism,11.2,59,71,70,0.0,2,10.7,56,9,55,0.982,isolado,parallel#0,1,diversidade,16,False,0,0
parallel_tests,lib/parallel_tests.rb,e4870a1632aa,testing,6,15,100,64,0.0,0,0.0,14,1,14,1.0,isolado,parallel_tests#0,5,grupo,,True,4,4
parallel_tests,lib/parallel_tests/cli.rb,e4870a1632aa,testing,17.9,196,0,80,0.0,0,4.0,25,2,25,1.0,isolado,parallel_tests#0,5,grupo,,True,1,1
parallel_tests,lib/parallel_tests/gherkin/runner.rb,e4870a1632aa,testing,6.8,16,100,54,0.0,1,7.7,13,3,11,0.846,isolado,parallel_tests#0,5,grupo,,True,1,1
parallel_tests,lib/parallel_tests/rspec/runner.rb,e4870a1632aa,testing,4.6,14,100,25,0.0,1,0.0,12,3,9,0.75,isolado,parallel_tests#0,5,grupo,,True,1,1
parallel_tests,lib/parallel_tests/tasks.rb,e4870a1632aa,testing,8.1,22,100,40,0.0,0,0.0,15,2,14,0.933,isolado,parallel_tests#0,5,grupo,,True,1,1
prawn,lib/prawn/document.rb,f82783b1d020,pdf,9.6,54,9,65,5.5,0,8.8,34,2,30,0.882,isolado,prawn#0,8,diversidade,73,False,0,0
prawn,lib/prawn/text/formatted/parser.rb,f82783b1d020,pdf,34.7,114,100,100,0.0,0,0.0,6,4,5,0.833,isolado,prawn#0,8,diversidade,13,False,0,0
pry,lib/pry/command.rb,5a267df08ad6,irb,6.4,34,44,52,2.5,0,12.5,48,2,46,0.958,isolado,pry#0,69,diversidade,23,False,0,0
pry,lib/pry/commands/list_inspectors.rb,5a267df08ad6,irb,4.5,9,0,50,0.0,2,0.0,4,3,4,1.0,isolado,pry#3,1,diversidade,98,False,0,0
pry,lib/pry/input_completer.rb,5a267df08ad6,irb,46,171,0,100,0.0,0,40.0,5,2,5,1.0,isolado,pry#10,1,diversidade,22,False,0,0
puma,lib/puma/cluster/worker.rb,8085b75e79e3,web servers,53.3,125,0,100,0.0,1,0.0,3,3,3,1.0,com a biblioteca carregada,puma#0,21,diversidade,18,False,0,0
rack-attack,lib/rack/attack.rb,65f1ead3bc64,security,8.5,28,67,67,0.17,2,0.0,6,6,6,1.0,isolado,rack-attack#0,3,diversidade,74,False,0,0
ransack,lib/ransack/adapters/active_record/context.rb,383c5dd9aa8f,search,14.1,39,0,95,0.0,1,59.1,22,4,22,1.0,isolado,ransack#2,1,diversidade,91,False,0,0
ransack,lib/ransack/nodes/node.rb,383c5dd9aa8f,search,3.8,6,50,75,0.0,0,0.0,4,3,4,1.0,isolado,ransack#5,6,diversidade,94,False,0,0
rdoc,lib/rdoc/code_object/normal_module.rb,4e303b392092,documentation,8.5,33,0,17,0.0,3,0.0,6,1,5,0.833,isolado,rdoc#0,50,diversidade,95,False,0,0
rdoc,lib/rdoc/generator/darkfish.rb,4e303b392092,documentation,18,65,0,97,1.0,0,0.0,31,1,31,1.0,isolado,rdoc#0,50,diversidade,26,False,0,0
rdoc,lib/rdoc/markdown.rb,4e303b392092,documentation,51.6,1405,1,29,0.0,1,2.3,304,4,170,0.559,isolado,rdoc#8,2,diversidade,5,False,0,1
rdoc,lib/rdoc/parser.rb,4e303b392092,documentation,13.4,29,83,92,0.0,0,0.0,12,1,12,1.0,isolado,rdoc#0,50,diversidade,100,False,0,1
rest-client,lib/restclient.rb,cf3e5a115bcd,http clients and tools,4.7,34,84,11,0.0,0,0.0,19,1,9,0.474,isolado,rest-client#0,9,grupo,,True,2,2
rest-client,lib/restclient/abstract_response.rb,cf3e5a115bcd,http clients and tools,8.3,33,5,89,0.0,0,0.0,19,2,19,1.0,isolado,rest-client#0,9,grupo,,True,2,3
rest-client,lib/restclient/payload.rb,cf3e5a115bcd,http clients and tools,6.7,29,0,80,0.17,1,0.0,25,6,24,0.96,isolado,rest-client#0,9,grupo,,True,1,4
rest-client,lib/restclient/platform.rb,cf3e5a115bcd,http clients and tools,4.3,8,100,0,0.0,0,0.0,6,2,6,1.0,isolado,rest-client#0,9,grupo,,True,1,1
rest-client,lib/restclient/raw_response.rb,cf3e5a115bcd,http clients and tools,4.2,8,0,80,0.5,0,0.0,5,2,5,1.0,isolado,rest-client#0,9,grupo,,True,1,4
rest-client,lib/restclient/request.rb,cf3e5a115bcd,http clients and tools,18,130,6,79,0.0,0,3.0,33,2,33,1.0,isolado,rest-client#0,9,grupo,,True,5,8
rest-client,lib/restclient/resource.rb,cf3e5a115bcd,http clients and tools,6.1,9,0,88,0.0,0,0.0,16,2,8,0.5,isolado,rest-client#0,9,grupo,,True,2,3
rest-client,lib/restclient/response.rb,cf3e5a115bcd,http clients and tools,7,18,29,57,0.5,1,0.0,7,2,6,0.857,isolado,rest-client#0,9,grupo,,True,3,5
rest-client,lib/restclient/utils.rb,cf3e5a115bcd,http clients and tools,16.4,34,100,86,0.0,0,0.0,7,2,7,1.0,isolado,rest-client#0,9,grupo,,True,3,4
roo,lib/roo/excelx/cell.rb,20d424f8bf96,spreadsheets and documents,8.3,16,22,67,0.0,1,0.0,9,4,9,1.0,isolado,roo#2,7,diversidade,1,False,0,0
rouge,lib/rouge/lexers/javascript.rb,afc3c52c2af0,code highlighting,6.3,14,100,14,0.0,2,0.0,7,3,6,0.857,isolado,rouge#19,3,grupo,,True,2,2
rouge,lib/rouge/lexers/lasso.rb,afc3c52c2af0,code highlighting,4,5,33,33,0.0,3,0.0,3,3,3,1.0,isolado,rouge#20,1,diversidade,76,False,0,0
rouge,lib/rouge/lexers/livescript.rb,afc3c52c2af0,code highlighting,3.8,8,100,17,0.0,2,0.0,6,3,5,0.833,isolado,rouge#19,3,grupo,,True,1,1
rouge,lib/rouge/lexers/sas.rb,afc3c52c2af0,code highlighting,51,188,100,0,0.0,2,0.0,7,3,5,0.714,isolado,rouge#30,1,diversidade,8,False,0,0
rouge,lib/rouge/lexers/typescript/common.rb,afc3c52c2af0,code highlighting,9.4,22,20,20,0.0,0,0.0,5,3,3,0.6,isolado,rouge#19,3,grupo,,True,1,1
rspec,rspec-core/lib/rspec/core/option_parser.rb,79a280d76e10,testing,42.7,268,14,57,0.0,0,0.0,7,2,7,1.0,isolado,rspec#0,62,diversidade,60,False,0,0
rubocop,lib/rubocop/cop/correctors/space_corrector.rb,65854e6bbfe4,code formatting,9.7,11,100,100,0.33,0,0.0,3,3,3,1.0,isolado,rubocop#1,414,diversidade,61,False,0,0
rubocop-rspec,lib/rubocop/rspec/align_let_brace.rb,2488441eb70a,code formatting,5,9,0,62,0.67,0,12.5,8,3,8,1.0,isolado,rubocop-rspec#71,1,diversidade,24,False,0,0
rufus-scheduler,lib/rufus/scheduler/jobs_repeat.rb,ec048146d12d,scheduling,10.5,23,0,92,0.0,3,0.0,24,5,23,0.958,isolado,rufus-scheduler#0,5,diversidade,63,False,0,0
selenium-webdriver,lib/selenium/webdriver/bidi/support/bidi_generate.rb,9175ed94d83e,testing,6.2,21,22,78,0.0,0,0.0,138,2,134,0.971,isolado,selenium-webdriver#14,2,diversidade,20,False,0,0
sentry-ruby,sentry-ruby/lib/sentry-ruby.rb,a940dfdb5a64,error handling,5.5,28,100,79,1.0,0,6.9,58,1,54,0.931,isolado,sentry-ruby#1,51,diversidade,39,True,2,2
sentry-ruby,sentry-ruby/lib/sentry/profiler.rb,a940dfdb5a64,error handling,21.6,108,0,25,0.5,0,0.0,8,2,8,1.0,isolado,sentry-ruby#1,51,diversidade,42,True,1,1
sentry-ruby,sentry-sidekiq/lib/sentry/sidekiq/cron/job.rb,a940dfdb5a64,error handling,11.2,28,25,75,0.0,0,75.0,4,4,4,1.0,isolado,sentry-ruby#1,51,diversidade,78,True,1,1
spring,lib/spring/watcher.rb,b7f3fd04b2ed,testing,4.7,8,100,100,0.0,0,33.3,3,1,3,1.0,isolado,spring#0,7,diversidade,25,False,0,0
sprockets,lib/sprockets/base.rb,73c5a5316bd1,assets,7.7,28,0,36,3.67,2,0.0,11,3,11,1.0,isolado,sprockets#3,17,grupo,,True,5,5
sprockets,lib/sprockets/compressing.rb,73c5a5316bd1,assets,8.2,17,0,78,0.5,0,0.0,9,2,6,0.667,isolado,sprockets#3,17,grupo,,True,1,1
sprockets,lib/sprockets/configuration.rb,73c5a5316bd1,assets,3.5,5,0,100,4.0,0,0.0,6,2,5,0.833,isolado,sprockets#3,17,grupo,85,True,1,1
sprockets,lib/sprockets/digest_utils.rb,73c5a5316bd1,assets,4.5,15,0,50,0.5,0,0.0,12,2,11,0.917,isolado,sprockets#3,17,grupo,,True,2,2
sprockets,lib/sprockets/http_utils.rb,73c5a5316bd1,assets,9.1,27,0,57,0.5,0,0.0,7,2,7,1.0,isolado,sprockets#3,17,grupo,,True,2,2
sprockets,lib/sprockets/jst_processor.rb,73c5a5316bd1,assets,4,8,60,40,0.0,0,0.0,5,2,5,1.0,isolado,sprockets#20,1,diversidade,47,False,0,0
sprockets,lib/sprockets/loader.rb,73c5a5316bd1,assets,29.6,92,0,100,4.0,0,0.0,8,2,8,1.0,isolado,sprockets#3,17,grupo,,True,7,7
sprockets,lib/sprockets/mime.rb,73c5a5316bd1,assets,8.2,19,0,100,1.0,0,0.0,5,2,4,0.8,isolado,sprockets#3,17,grupo,,True,2,2
sprockets,lib/sprockets/path_dependency_utils.rb,73c5a5316bd1,assets,4.7,8,0,33,1.0,0,0.0,3,2,3,1.0,isolado,sprockets#3,17,grupo,,True,2,2
sprockets,lib/sprockets/path_digest_utils.rb,73c5a5316bd1,assets,6.3,11,0,67,1.0,0,0.0,3,2,3,1.0,isolado,sprockets#3,17,grupo,,True,3,3
sprockets,lib/sprockets/path_utils.rb,73c5a5316bd1,assets,8.9,18,0,71,0.5,0,0.0,21,2,21,1.0,isolado,sprockets#3,17,grupo,,True,6,6
sprockets,lib/sprockets/paths.rb,73c5a5316bd1,assets,5.9,13,0,86,1.0,0,0.0,7,2,6,0.857,isolado,sprockets#3,17,grupo,,True,3,3
sprockets,lib/sprockets/processing.rb,73c5a5316bd1,assets,6.6,23,0,63,1.5,0,0.0,19,2,14,0.737,isolado,sprockets#3,17,grupo,,True,4,4
sprockets,lib/sprockets/processor_utils.rb,73c5a5316bd1,assets,7.3,17,11,78,0.33,1,0.0,9,3,9,1.0,isolado,sprockets#3,17,grupo,,True,3,3
sprockets,lib/sprockets/resolve.rb,73c5a5316bd1,assets,13.7,28,0,75,1.5,0,0.0,12,2,12,1.0,isolado,sprockets#3,17,grupo,,True,4,4
sprockets,lib/sprockets/transformers.rb,73c5a5316bd1,assets,10.9,25,0,100,1.5,0,0.0,8,2,8,1.0,isolado,sprockets#3,17,grupo,,True,3,3
sprockets,lib/sprockets/uri_utils.rb,73c5a5316bd1,assets,7.6,19,0,64,0.5,0,0.0,11,2,11,1.0,isolado,sprockets#3,17,grupo,,True,4,4
sprockets,lib/sprockets/utils.rb,73c5a5316bd1,assets,14.8,26,0,75,0.5,0,50.0,8,2,8,1.0,isolado,sprockets#3,17,grupo,,True,6,6
stackprof,lib/stackprof/report.rb,4367efa4b8bc,profiler and optimization,19.2,171,9,85,0.0,0,0.0,34,2,32,0.941,isolado,stackprof#1,1,diversidade,48,False,0,0
state_machines,lib/state_machines/machine/configuration.rb,219b43ea588f,state machines,21,55,0,100,1.67,0,100.0,5,3,5,1.0,isolado,state_machines#2,20,diversidade,3,False,0,0
state_machines,lib/state_machines/machine/parsing.rb,219b43ea588f,state machines,14,18,0,100,0.0,0,0.0,4,3,4,1.0,isolado,state_machines#13,1,diversidade,87,False,0,0
thin,lib/rack/adapter/loader.rb,84a5188612d8,web servers,15.7,37,100,33,0.0,1,0.0,3,3,3,1.0,isolado,thin#0,10,diversidade,103,False,0,0
thin,lib/thin/backends/unix_server.rb,84a5188612d8,web servers,4.6,12,0,14,0.0,2,14.3,7,4,6,0.857,isolado,thin#5,1,diversidade,27,False,0,0
twilio-ruby,lib/twilio-ruby/rest/api/v2010.rb,c58e213a6f04,third-party apis,3.3,11,0,7,0.0,2,0.0,29,4,29,1.0,isolado,twilio-ruby#15,1,diversidade,44,False,0,0
tzinfo,lib/tzinfo/timezone.rb,d5893c99bbcd,date and time processing,5.5,36,31,33,0.17,1,0.0,48,6,45,0.938,isolado,tzinfo#1,15,diversidade,36,False,0,0
vcr,lib/vcr/cassette/serializers/json.rb,5dcacdf69bd6,testing,5,7,0,0,0.75,0,0.0,3,4,3,1.0,isolado,vcr#8,1,diversidade,15,False,0,0
wisper,lib/wisper/global_listeners.rb,4569343e353e,business logic,3.9,8,42,83,0.5,0,0.0,12,2,12,1.0,isolado,wisper#0,5,diversidade,83,False,0,0
zeitwerk,lib/zeitwerk/cref.rb,607973fc0bd8,code loaders,3.4,5,0,89,1.0,0,33.3,9,1,9,1.0,isolado,zeitwerk#0,1,diversidade,89,False,0,0
