gem,repo_lista,repo_declarado,difere,erro
i18n,ruby-i18n/i18n,ruby-i18n/i18n,False,
activesupport,rails/rails/tree/master/activesupport,rails/rails,False,
rake,ruby/rake,ruby/rake,False,
concurrent-ruby,ruby-concurrency/concurrent-ruby,ruby-concurrency/concurrent-ruby,False,
tzinfo,tzinfo/tzinfo,tzinfo/tzinfo,False,
minitest,minitest/minitest,minitest/minitest,False,
addressable,sporkmonger/addressable,sporkmonger/addressable,False,
faraday,lostisland/faraday,lostisland/faraday,False,
rspec,rspec/rspec,rspec/rspec,False,
activerecord,rails/rails/tree/master/activerecord,rails/rails,False,
parallel,grosser/parallel,grosser/parallel,False,
jwt,jwt/ruby-jwt,jwt/ruby-jwt,False,
tilt,rtomayko/tilt,jeremyevans/tilt,True,
mail,mikel/mail,mikel/mail,False,
rubocop,rubocop/rubocop,rubocop/rubocop,False,
connection_pool,mperham/connection_pool,mperham/connection_pool,False,
excon,excon/excon,excon/excon,False,
zeitwerk,fxn/zeitwerk,fxn/zeitwerk,False,
coderay,rubychan/coderay,rubychan/coderay,False,
pry,pry/pry,pry/pry,False,
sprockets,rails/sprockets,rails/sprockets,False,
puma,puma/puma,puma/puma,False,
dotenv,bkeepers/dotenv,bkeepers/dotenv,False,
httpclient,nahi/httpclient,nahi/httpclient,False,
rack-protection,sinatra/sinatra/tree/master/rack-protection,sinatra/sinatra,False,
docile,ms-ati/docile,ms-ati/docile,False,
simplecov,simplecov-ruby/simplecov,simplecov-ruby/simplecov,False,
rest-client,rest-client/rest-client,rest-client/rest-client,False,
hashie,hashie/hashie,hashie/hashie,False,
httparty,jnunemaker/httparty,jnunemaker/httparty,False,
byebug,deivid-rodriguez/byebug,deivid-rodriguez/byebug,False,
pg,ged/ruby-pg,ged/ruby-pg,False,
webmock,bblimke/webmock,bblimke/webmock,False,
terminal-table,tj/terminal-table,tj/terminal-table,False,
sawyer,lostisland/sawyer,lostisland/sawyer,False,
listen,guard/listen,guard/listen,False,
knapsack,KnapsackPro/knapsack,KnapsackPro/knapsack,False,
bootsnap,rails/bootsnap,rails/bootsnap,False,
capybara,teamcapybara/capybara,teamcapybara/capybara,False,
selenium-webdriver,SeleniumHQ/selenium/tree/master/rb,SeleniumHQ/selenium,False,
factory_bot,thoughtbot/factory_bot,thoughtbot/factory_bot,False,
faker,faker-ruby/faker,faker-ruby/faker,False,
rdoc,ruby/rdoc,ruby/rdoc,False,
responders,heartcombo/responders,heartcombo/responders,False,
eventmachine,eventmachine/eventmachine,eventmachine/eventmachine,False,
rubocop-performance,rubocop/rubocop-performance,rubocop/rubocop-performance,False,
rouge,rouge-ruby/rouge,rouge-ruby/rouge,False,
jbuilder,rails/jbuilder,rails/jbuilder,False,
childprocess,enkessler/childprocess,enkessler/childprocess,False,
warden,wardencommunity/warden,hassox/warden,True,
rubocop-rails,rubocop/rubocop-rails,rubocop/rubocop-rails,False,
devise,heartcombo/devise,heartcombo/devise,False,
rubocop-rspec,rubocop/rubocop-rspec,rubocop/rubocop-rspec,False,
awesome_print,awesome-print/awesome_print,awesome-print/awesome_print,False,
typhoeus,typhoeus/typhoeus,typhoeus/typhoeus,False,
pry-byebug,deivid-rodriguez/pry-byebug,deivid-rodriguez/pry-byebug,False,
formatador,geemus/formatador,geemus/formatador,False,
oauth2,ruby-oauth/oauth2,ruby-oauth/oauth2,False,
rack-cors,cyu/rack-cors,cyu/rack-cors,False,
shoulda-matchers,thoughtbot/shoulda-matchers,thoughtbot/shoulda-matchers,False,
timecop,travisjeffery/timecop,travisjeffery/timecop,False,
kaminari,amatsuda/kaminari,kaminari/kaminari,True,
spring,rails/spring,rails/spring,False,
kramdown,gettalong/kramdown,gettalong/kramdown,False,
mysql2,brianmario/mysql2,brianmario/mysql2,False,
brakeman,presidentbeef/brakeman,presidentbeef/brakeman,False,
pry-rails,pry/pry-rails,rweng/pry-rails,True,
omniauth,omniauth/omniauth,omniauth/omniauth,False,
dry-types,dry-rb/dry-types,dry-rb/dry-types,False,
database_cleaner,DatabaseCleaner/database_cleaner,DatabaseCleaner/database_cleaner,False,
http,httprb/http,httprb/http,False,
fastlane,fastlane/fastlane,fastlane/fastlane,False,
thin,macournoyer/thin,macournoyer/thin,False,
fastimage,sdsykes/fastimage,sdsykes/fastimage,False,
haml,haml/haml,haml/haml,False,
lograge,roidrage/lograge,roidrage/lograge,False,
state_machines,state-machines/state_machines,state-machines/state_machines,False,
bullet,flyerhzm/bullet,flyerhzm/bullet,False,
colorize,fazibear/colorize,fazibear/colorize,False,
activerecord-import,zdennis/activerecord-import,zdennis/activerecord-import,False,
parallel_tests,grosser/parallel_tests,grosser/parallel_tests,False,
autoprefixer-rails,ai/autoprefixer-rails,ai/autoprefixer-rails,False,
vcr,vcr/vcr,,False,
slop,leejarvis/slop,leejarvis/slop,False,
stackprof,tmm1/stackprof,tmm1/stackprof,False,
guard,guard/guard,,False,
rack-attack,rack/rack-attack,rack/rack-attack,False,
sentry-ruby,getsentry/sentry-ruby,getsentry/sentry-ruby,False,
commander,commander-rb/commander,commander-rb/commander,False,
paper_trail,paper-trail-gem/paper_trail,paper-trail-gem/paper_trail,False,
bundler-audit,rubysec/bundler-audit,rubysec/bundler-audit,False,
rufus-scheduler,jmettraux/rufus-scheduler,jmettraux/rufus-scheduler,False,
carrierwave,carrierwaveuploader/carrierwave,carrierwaveuploader/carrierwave,False,
slack-notifier,slack-notifier/slack-notifier,stevenosloan/slack-notifier,True,
rails-i18n,svenfuchs/rails-i18n,svenfuchs/rails-i18n,False,
cocoapods,CocoaPods/CocoaPods,CocoaPods/CocoaPods,False,
jaro_winkler,tonytonyjan/jaro_winkler,tonytonyjan/jaro_winkler,False,
liquid,Shopify/liquid,Shopify/liquid,False,
active_model_serializers,rails-api/active_model_serializers,rails-api/active_model_serializers,False,
chronic,mojombo/chronic,mojombo/chronic,False,
optimist,ManageIQ/optimist,ManageIQ/optimist,False,
twilio-ruby,twilio/twilio-ruby,twilio/twilio-ruby,False,
redcarpet,vmg/redcarpet,vmg/redcarpet,False,
money,RubyMoney/money,RubyMoney/money,False,
foreman,ddollar/foreman,ddollar/foreman,False,
countries,countries/countries,countries/countries,False,
virtus,solnic/virtus,solnic/virtus,False,
dalli,petergoldstein/dalli,petergoldstein/dalli,False,
rqrcode,whomwah/rqrcode,whomwah/rqrcode,False,
danger,danger/danger,danger/danger,False,
image_processing,janko/image_processing,janko/image_processing,False,
debug,ruby/debug,ruby/debug,False,
letter_opener,ryanb/letter_opener,ryanb/letter_opener,False,
ransack,activerecord-hackery/ransack,activerecord-hackery/ransack,False,
wisper,krisleech/wisper,krisleech/wisper,False,
pastel,piotrmurach/pastel,piotrmurach/pastel,False,
gitlab,NARKOZ/gitlab,NARKOZ/gitlab,False,
eye,kostya/eye,kostya/eye,False,
roo,roo-rb/roo,roo-rb/roo,False,
doorkeeper,doorkeeper-gem/doorkeeper,doorkeeper-gem/doorkeeper,False,
premailer-rails,fphilipe/premailer-rails,fphilipe/premailer-rails,False,
gli,davetron5000/gli,davetron5000/gli,False,
better_errors,BetterErrors/better_errors,BetterErrors/better_errors,False,
geocoder,alexreisner/geocoder,alexreisner/geocoder,False,
yajl-ruby,brianmario/yajl-ruby,brianmario/yajl-ruby,False,
pundit,varvet/pundit,varvet/pundit,False,
diffy,samg/diffy,samg/diffy,False,
will_paginate,mislav/will_paginate,mislav/will_paginate,False,
logging,TwP/logging,TwP/logging,False,
aasm,aasm/aasm,aasm/aasm,False,
mongo,mongodb/mongo-ruby-driver,mongodb/mongo-ruby-driver,False,
prawn,prawnpdf/prawn,prawnpdf/prawn,False,
savon,savonrb/savon,savonrb/savon,False,
