gem,ficheiro,commit,categoria,loc_medio,loc_max,pct_singleton,pct_duck,mixins_por_classe,profundidade_heranca,metaprog_por_100,metodos,classes,formas,razao_formas,modo,componente,tamanho_componente,origem,vizinhos_no_corpus
active_model_serializers,lib/active_model/serializer/field.rb,6934c8bd31f4,api builder and discovery,8.7,16,0,71,0.0,0,71.4,7,2,7,1.0,isolado,active_model_serializers#1,1,diversidade,0
active_model_serializers,lib/active_model_serializers.rb,6934c8bd31f4,api builder and discovery,4.8,7,100,40,1.0,0,0.0,5,1,5,1.0,isolado,active_model_serializers#0,21,diversidade,3
active_model_serializers,lib/active_model_serializers/adapter/base.rb,6934c8bd31f4,api builder and discovery,3.2,4,46,23,0.0,0,7.7,13,3,13,1.0,isolado,active_model_serializers#0,21,diversidade,3
active_model_serializers,lib/active_model_serializers/adapter/json_api/pagination_links.rb,6934c8bd31f4,api builder and discovery,5.2,11,0,83,0.0,1,0.0,12,4,12,1.0,isolado,active_model_serializers#0,21,diversidade,3
active_model_serializers,lib/active_model_serializers/model.rb,6934c8bd31f4,api builder and discovery,5.4,7,38,100,1.0,0,12.5,8,3,8,1.0,isolado,active_model_serializers#0,21,diversidade,3
activerecord,lib/active_record.rb,3989ebf3473d,orm/odm,7.9,21,100,33,0.86,0,5.6,18,7,18,1.0,isolado,activerecord#0,252,diversidade,5
activerecord,lib/active_record/associations/builder/collection_association.rb,3989ebf3473d,orm/odm,11,26,100,83,0.0,1,100.0,6,2,5,0.833,isolado,activerecord#0,252,diversidade,5
activerecord,lib/active_record/connection_adapters/abstract/database_statements.rb,3989ebf3473d,orm/odm,6.3,41,0,32,0.0,0,0.0,71,3,59,0.831,isolado,activerecord#0,252,diversidade,5
activerecord,lib/active_record/migration/compatibility.rb,3989ebf3473d,orm/odm,5.2,22,3,66,0.12,10,1.5,65,25,40,0.615,isolado,activerecord#0,252,diversidade,5
activerecord,lib/active_record/migration/default_strategy.rb,3989ebf3473d,orm/odm,3,3,0,100,0.0,1,33.3,3,3,3,1.0,isolado,activerecord#15,1,diversidade,0
activerecord,lib/active_record/query_cache.rb,3989ebf3473d,orm/odm,7,13,60,100,0.0,0,0.0,5,4,5,1.0,isolado,activerecord#17,1,diversidade,0
activerecord,lib/active_record/relation.rb,3989ebf3473d,orm/odm,7.3,44,2,76,2.5,0,2.0,100,4,99,0.99,isolado,activerecord#0,252,diversidade,5
activerecord,lib/arel/nodes/sql_literal.rb,3989ebf3473d,orm/odm,3.5,5,0,25,1.33,1,0.0,4,3,4,1.0,isolado,activerecord#0,252,diversidade,5
activerecord-import,benchmarks/lib/cli_parser.rb,8ac907c9bbc5,orm/odm extensions,17.8,68,100,60,0.0,0,0.0,5,1,5,1.0,isolado,activerecord-import#1,1,diversidade,0
activerecord-import,benchmarks/lib/float.rb,8ac907c9bbc5,orm/odm extensions,3,3,0,0,0.0,0,0.0,3,1,3,1.0,isolado,activerecord-import#2,1,diversidade,0
activerecord-import,lib/activerecord-import/adapters/mysql_adapter.rb,8ac907c9bbc5,orm/odm extensions,13.1,52,0,100,2.0,0,0.0,9,1,9,1.0,com a biblioteca carregada,activerecord-import#5,6,grupo,5
activerecord-import,lib/activerecord-import/adapters/postgresql_adapter.rb,8ac907c9bbc5,orm/odm extensions,12.5,41,0,81,2.0,0,0.0,16,1,16,1.0,com a biblioteca carregada,activerecord-import#5,6,grupo,5
activerecord-import,lib/activerecord-import/adapters/sqlite3_adapter.rb,8ac907c9bbc5,orm/odm extensions,9.6,35,0,87,2.0,0,0.0,15,1,14,0.933,com a biblioteca carregada,activerecord-import#5,6,grupo,5
activerecord-import,lib/activerecord-import/base.rb,8ac907c9bbc5,orm/odm extensions,9.3,14,100,33,0.0,0,0.0,3,1,3,1.0,isolado,activerecord-import#5,6,grupo,5
activerecord-import,lib/activerecord-import/import.rb,8ac907c9bbc5,orm/odm extensions,30,202,64,82,0.09,1,114.3,28,11,27,0.964,com a biblioteca carregada,activerecord-import#5,6,grupo,5
activerecord-import,lib/activerecord-import/value_sets_parser.rb,8ac907c9bbc5,orm/odm extensions,6.9,28,25,62,0.0,1,0.0,8,4,7,0.875,com a biblioteca carregada,activerecord-import#5,6,grupo,5
activesupport,lib/active_support/callbacks.rb,3989ebf3473d,core extensions,6.8,48,3,72,0.15,0,17.7,79,20,65,0.823,isolado,activesupport#0,116,diversidade,4
activesupport,lib/active_support/core_ext/module/attribute_accessors_per_thread.rb,3989ebf3473d,core extensions,22,40,0,67,0.0,0,200.0,3,1,3,1.0,isolado,activesupport#8,1,diversidade,0
activesupport,lib/active_support/delegation.rb,3989ebf3473d,core extensions,54,128,100,67,0.0,1,66.7,3,3,3,1.0,isolado,activesupport#0,116,diversidade,4
activesupport,lib/active_support/deprecation/constant_accessor.rb,3989ebf3473d,core extensions,26.3,66,33,100,0.0,0,0.0,3,3,3,1.0,isolado,activesupport#16,1,diversidade,0
activesupport,lib/active_support/isolated_execution_state.rb,3989ebf3473d,core extensions,6.5,17,100,100,0.0,0,0.0,8,2,8,1.0,isolado,activesupport#0,116,diversidade,4
activesupport,lib/active_support/multibyte/unicode.rb,3989ebf3473d,core extensions,4.5,7,0,100,0.33,0,0.0,4,3,4,1.0,isolado,activesupport#0,116,diversidade,4
activesupport,lib/active_support/test_case.rb,3989ebf3473d,core extensions,4,14,82,9,6.0,1,0.0,11,2,10,0.909,isolado,activesupport#0,116,diversidade,4
addressable,lib/addressable/idna/pure.rb,0c3e8589b23d,core extensions,27.7,120,100,100,0.2,1,0.0,12,5,12,1.0,isolado,addressable#0,3,grupo,2
addressable,lib/addressable/template.rb,0c3e8589b23d,core extensions,14.8,96,0,70,0.0,1,0.0,30,6,30,1.0,isolado,addressable#0,3,grupo,2
addressable,lib/addressable/uri.rb,0c3e8589b23d,core extensions,18.5,93,16,69,0.0,1,3.4,88,6,87,0.989,isolado,addressable#0,3,grupo,2
autoprefixer-rails,lib/autoprefixer-rails.rb,01f8d15c4677,assets,4.8,9,100,25,0.0,0,0.0,4,1,4,1.0,isolado,autoprefixer-rails#0,3,grupo,2
autoprefixer-rails,lib/autoprefixer-rails/processor.rb,01f8d15c4677,assets,14.3,27,0,78,0.0,0,11.1,9,2,9,1.0,isolado,autoprefixer-rails#0,3,grupo,2
autoprefixer-rails,lib/autoprefixer-rails/sprockets.rb,01f8d15c4677,assets,6.1,10,71,57,0.0,0,0.0,7,2,7,1.0,isolado,autoprefixer-rails#0,3,grupo,2
awesome_print,lib/awesome_print/custom_defaults.rb,9ae56ba413b9,cli utilities,4.4,9,100,30,0.0,0,10.0,10,1,9,0.9,isolado,awesome_print#0,1,diversidade,0
awesome_print,lib/awesome_print/ext/active_record.rb,9ae56ba413b9,cli utilities,14,20,20,100,0.0,0,80.0,5,2,5,1.0,isolado,awesome_print#1,1,diversidade,0
awesome_print,lib/awesome_print/formatter.rb,9ae56ba413b9,cli utilities,4.7,14,0,44,0.5,0,5.6,18,2,10,0.556,isolado,awesome_print#10,7,grupo,6
awesome_print,lib/awesome_print/formatters/array_formatter.rb,9ae56ba413b9,cli utilities,6.5,15,0,88,0.0,1,5.9,17,3,16,0.941,isolado,awesome_print#10,7,grupo,6
awesome_print,lib/awesome_print/formatters/base_formatter.rb,9ae56ba413b9,cli utilities,10.6,38,0,89,0.33,0,0.0,9,3,9,1.0,isolado,awesome_print#10,7,grupo,6
awesome_print,lib/awesome_print/formatters/hash_formatter.rb,9ae56ba413b9,cli utilities,5.8,16,0,93,0.0,1,0.0,14,3,14,1.0,isolado,awesome_print#10,7,grupo,6
awesome_print,lib/awesome_print/formatters/object_formatter.rb,9ae56ba413b9,cli utilities,12.2,39,0,100,0.0,1,40.0,5,3,5,1.0,isolado,awesome_print#10,7,grupo,6
awesome_print,lib/awesome_print/formatters/struct_formatter.rb,9ae56ba413b9,cli utilities,13.8,39,0,100,0.0,1,25.0,4,3,4,1.0,isolado,awesome_print#10,7,grupo,6
awesome_print,lib/awesome_print/inspector.rb,9ae56ba413b9,cli utilities,9.8,46,0,67,0.0,0,0.0,12,2,12,1.0,isolado,awesome_print#10,7,grupo,6
bootsnap,lib/bootsnap.rb,e099ec707644,optimizations,10.8,49,100,60,0.0,0,0.0,15,1,15,1.0,isolado,bootsnap#0,12,grupo,11
bootsnap,lib/bootsnap/cli.rb,e099ec707644,optimizations,14.1,62,0,33,0.0,0,6.7,15,3,13,0.867,isolado,bootsnap#0,12,grupo,11
bootsnap,lib/bootsnap/cli/worker_pool.rb,e099ec707644,optimizations,8.9,27,21,74,0.0,0,0.0,19,5,18,0.947,isolado,bootsnap#0,12,grupo,11
bootsnap,lib/bootsnap/compile_cache.rb,e099ec707644,optimizations,12,28,100,0,0.0,0,0.0,3,2,3,1.0,isolado,bootsnap#0,12,grupo,11
bootsnap,lib/bootsnap/compile_cache/iseq.rb,e099ec707644,optimizations,7,28,50,50,0.17,0,0.0,20,6,19,0.95,isolado,bootsnap#0,12,grupo,11
bootsnap,lib/bootsnap/compile_cache/yaml.rb,e099ec707644,optimizations,13.9,116,39,65,0.44,0,8.7,23,9,18,0.783,isolado,bootsnap#0,12,grupo,11
bootsnap,lib/bootsnap/explicit_require.rb,e099ec707644,optimizations,9.2,28,100,25,0.0,0,0.0,4,2,3,0.75,isolado,bootsnap#1,1,diversidade,0
bootsnap,lib/bootsnap/load_path_cache.rb,e099ec707644,optimizations,12,16,100,0,0.0,0,0.0,3,2,3,1.0,isolado,bootsnap#0,12,grupo,11
bootsnap,lib/bootsnap/load_path_cache/cache.rb,e099ec707644,optimizations,9.1,53,0,84,0.0,0,0.0,19,3,19,1.0,isolado,bootsnap#0,12,grupo,11
bootsnap,lib/bootsnap/load_path_cache/change_observer.rb,e099ec707644,optimizations,5,8,25,88,0.0,0,62.5,8,4,7,0.875,isolado,bootsnap#0,12,grupo,11
bootsnap,lib/bootsnap/load_path_cache/loaded_features_index.rb,e099ec707644,optimizations,9.6,23,0,100,0.0,0,0.0,9,3,9,1.0,isolado,bootsnap#0,12,grupo,11
bootsnap,lib/bootsnap/load_path_cache/path.rb,e099ec707644,optimizations,9.8,24,0,80,0.0,0,0.0,10,3,9,0.9,isolado,bootsnap#0,12,grupo,11
bootsnap,lib/bootsnap/load_path_cache/path_scanner.rb,e099ec707644,optimizations,22.2,39,100,100,0.0,0,0.0,4,3,4,1.0,isolado,bootsnap#2,1,diversidade,0
bootsnap,lib/bootsnap/load_path_cache/store.rb,e099ec707644,optimizations,9.3,21,0,82,0.0,0,0.0,11,3,11,1.0,isolado,bootsnap#0,12,grupo,11
brakeman,lib/brakeman.rb,fffc4837becb,code analysis and metrics,16.1,39,100,78,0.0,1,0.0,32,5,30,0.938,isolado,brakeman#1,18,grupo,17
brakeman,lib/brakeman/app_tree.rb,fffc4837becb,code analysis and metrics,7.7,27,6,62,0.0,0,0.0,34,2,30,0.882,isolado,brakeman#1,18,grupo,17
brakeman,lib/brakeman/call_index.rb,fffc4837becb,code analysis and metrics,11.9,51,0,79,0.0,0,0.0,19,1,17,0.895,isolado,brakeman#1,18,grupo,17
brakeman,lib/brakeman/commandline.rb,fffc4837becb,code analysis and metrics,13.7,33,100,83,0.0,0,0.0,12,2,12,1.0,isolado,brakeman#1,18,grupo,17
brakeman,lib/brakeman/differ.rb,fffc4837becb,code analysis and metrics,9.2,19,0,75,0.0,0,0.0,4,1,4,1.0,isolado,brakeman#1,18,grupo,17
brakeman,lib/brakeman/file_path.rb,fffc4837becb,code analysis and metrics,4.4,13,9,36,0.0,0,0.0,11,2,11,1.0,isolado,brakeman#1,18,grupo,17
brakeman,lib/brakeman/logger.rb,fffc4837becb,code analysis and metrics,5.2,18,3,39,0.0,1,0.0,38,7,30,0.789,isolado,brakeman#1,18,grupo,17
brakeman,lib/brakeman/messages.rb,fffc4837becb,code analysis and metrics,4.6,18,0,24,0.0,0,0.0,34,10,16,0.471,isolado,brakeman#1,18,grupo,17
brakeman,lib/brakeman/options.rb,fffc4837becb,code analysis and metrics,105,397,100,50,0.0,0,0.0,4,1,3,0.75,isolado,brakeman#1,18,grupo,17
brakeman,lib/brakeman/parsers/template_parser.rb,fffc4837becb,code analysis and metrics,14.4,32,11,89,0.5,0,0.0,9,2,9,1.0,com a biblioteca carregada,brakeman#1,18,grupo,17
brakeman,lib/brakeman/processors/lib/call_conversion_helper.rb,fffc4837becb,code analysis and metrics,13.7,24,0,100,0.0,0,16.7,6,2,6,1.0,isolado,brakeman#1,18,grupo,17
brakeman,lib/brakeman/processors/lib/render_helper.rb,fffc4837becb,code analysis and metrics,22.4,99,0,89,0.0,0,11.1,9,1,9,1.0,isolado,brakeman#1,18,grupo,17
brakeman,lib/brakeman/processors/lib/render_path.rb,fffc4837becb,code analysis and metrics,6.1,16,0,68,0.0,0,0.0,19,2,18,0.947,isolado,brakeman#1,18,grupo,17
brakeman,lib/brakeman/processors/lib/route_helper.rb,fffc4837becb,code analysis and metrics,9.6,23,0,100,0.0,0,0.0,5,1,4,0.8,isolado,brakeman#1,18,grupo,17
brakeman,lib/brakeman/report/ignore/config.rb,fffc4837becb,code analysis and metrics,9.7,19,0,92,0.0,0,0.0,13,2,13,1.0,isolado,brakeman#1,18,grupo,17
brakeman,lib/brakeman/report/pager.rb,fffc4837becb,code analysis and metrics,10,21,0,80,0.0,0,0.0,10,2,10,1.0,isolado,brakeman#1,18,grupo,17
brakeman,lib/brakeman/warning.rb,fffc4837becb,code analysis and metrics,12.2,81,0,55,0.0,0,5.0,20,1,20,1.0,isolado,brakeman#1,18,grupo,17
brakeman,lib/ruby_parser/bm_sexp_processor.rb,fffc4837becb,code analysis and metrics,9.8,22,20,60,0.0,0,20.0,5,1,5,1.0,isolado,brakeman#1,18,grupo,17
bullet,lib/bullet/active_record80.rb,bc55c037d27a,profiler and optimization,28.6,303,5,89,0.0,0,10.5,19,3,18,0.947,isolado,bullet#3,1,diversidade,0
bullet,lib/bullet/detector/unused_eager_loading.rb,bc55c037d27a,profiler and optimization,14.8,37,100,100,0.67,1,0.0,5,3,5,1.0,isolado,bullet#0,12,diversidade,2
bullet,lib/bullet/notification/n_plus_one_query.rb,bc55c037d27a,profiler and optimization,3.4,5,0,0,0.0,1,0.0,5,3,5,1.0,isolado,bullet#0,12,diversidade,2
bullet,lib/bullet/registry/base.rb,bc55c037d27a,profiler and optimization,3.6,8,0,88,0.0,0,0.0,8,3,8,1.0,isolado,bullet#0,12,diversidade,2
bundler-audit,lib/bundler/audit/cli.rb,f8b06ebbefdd,security,15.6,41,14,57,0.33,1,0.0,7,3,7,1.0,isolado,bundler-audit#0,10,diversidade,1
bundler-audit,lib/bundler/audit/cli/formats.rb,f8b06ebbefdd,security,8.7,16,100,100,0.0,1,0.0,3,5,3,1.0,isolado,bundler-audit#0,10,diversidade,1
byebug,lib/byebug/commands/var/const.rb,aff644023372,debugging tools,4.6,7,60,40,0.33,1,20.0,5,3,4,0.8,com a biblioteca carregada,byebug#1,76,diversidade,4
byebug,lib/byebug/context.rb,aff644023372,debugging tools,3.9,7,18,47,1.5,0,0.0,17,2,16,0.941,isolado,byebug#1,76,diversidade,4
byebug,lib/byebug/helpers/var.rb,aff644023372,debugging tools,10.2,23,0,100,0.33,0,20.0,5,3,5,1.0,isolado,byebug#1,76,diversidade,4
byebug,lib/byebug/interfaces/local_interface.rb,aff644023372,debugging tools,7.2,11,0,0,0.0,1,0.0,4,2,4,1.0,com a biblioteca carregada,byebug#1,76,diversidade,4
byebug,lib/byebug/remote.rb,aff644023372,debugging tools,4,8,100,70,0.0,0,0.0,10,1,10,1.0,isolado,byebug#1,76,diversidade,4
capybara,lib/capybara/rspec/matchers/match_selector.rb,a210c6e57872,testing,3,3,0,75,0.0,4,0.0,4,4,4,1.0,isolado,capybara#5,1,diversidade,0
capybara,lib/capybara/selenium/nodes/edge_node.rb,a210c6e57872,testing,8.2,17,0,91,1.0,2,18.2,11,1,11,1.0,isolado,capybara#0,62,diversidade,0
carrierwave,lib/carrierwave.rb,5effe4ecaae9,file upload,3,3,100,0,0.0,1,0.0,4,5,4,1.0,isolado,carrierwave#0,19,grupo,18
carrierwave,lib/carrierwave/downloader/base.rb,5effe4ecaae9,file upload,12.5,33,0,75,0.33,0,0.0,4,3,4,1.0,isolado,carrierwave#0,19,grupo,18
carrierwave,lib/carrierwave/downloader/remote_file.rb,5effe4ecaae9,file upload,6.4,19,0,75,0.0,0,12.5,8,3,7,0.875,isolado,carrierwave#0,19,grupo,18
carrierwave,lib/carrierwave/mounter.rb,5effe4ecaae9,file upload,6.5,28,3,88,0.0,1,0.0,32,4,32,1.0,isolado,carrierwave#2,2,diversidade,0
carrierwave,lib/carrierwave/processing/mini_magick.rb,5effe4ecaae9,file upload,6.7,26,0,61,0.33,0,5.6,18,3,15,0.833,isolado,carrierwave#0,19,grupo,18
carrierwave,lib/carrierwave/processing/rmagick.rb,5effe4ecaae9,file upload,6.7,28,0,55,0.67,0,4.5,22,3,19,0.864,isolado,carrierwave#0,19,grupo,18
carrierwave,lib/carrierwave/processing/vips.rb,5effe4ecaae9,file upload,5.8,18,0,59,0.33,0,0.0,17,3,16,0.941,isolado,carrierwave#0,19,grupo,18
carrierwave,lib/carrierwave/sanitized_file.rb,5effe4ecaae9,file upload,6.8,22,4,61,0.5,0,0.0,28,2,28,1.0,isolado,carrierwave#0,19,grupo,18
carrierwave,lib/carrierwave/storage/file.rb,5effe4ecaae9,file upload,7.7,13,0,86,0.0,1,0.0,7,3,7,1.0,isolado,carrierwave#0,19,grupo,18
carrierwave,lib/carrierwave/storage/fog.rb,5effe4ecaae9,file upload,7.4,48,6,88,0.5,1,0.0,34,4,33,0.971,isolado,carrierwave#0,19,grupo,18
carrierwave,lib/carrierwave/uploader/cache.rb,5effe4ecaae9,file upload,5.4,28,12,35,0.67,2,0.0,17,6,16,0.941,isolado,carrierwave#0,19,grupo,18
carrierwave,lib/carrierwave/uploader/callbacks.rb,5effe4ecaae9,file upload,4.3,5,0,67,0.25,0,66.7,3,4,3,1.0,isolado,carrierwave#0,19,grupo,18
carrierwave,lib/carrierwave/uploader/configuration.rb,5effe4ecaae9,file upload,19,40,0,50,0.25,0,33.3,6,4,6,1.0,isolado,carrierwave#3,1,diversidade,0
carrierwave,lib/carrierwave/uploader/content_type_allowlist.rb,5effe4ecaae9,file upload,8,16,0,67,0.33,0,0.0,3,3,3,1.0,isolado,carrierwave#0,19,grupo,18
carrierwave,lib/carrierwave/uploader/content_type_denylist.rb,5effe4ecaae9,file upload,9,19,0,67,0.33,0,0.0,3,3,3,1.0,isolado,carrierwave#0,19,grupo,18
carrierwave,lib/carrierwave/uploader/extension_allowlist.rb,5effe4ecaae9,file upload,7.7,17,0,67,0.33,0,0.0,3,3,3,1.0,isolado,carrierwave#0,19,grupo,18
carrierwave,lib/carrierwave/uploader/extension_denylist.rb,5effe4ecaae9,file upload,8,19,0,67,0.33,0,0.0,3,3,3,1.0,isolado,carrierwave#0,19,grupo,18
carrierwave,lib/carrierwave/uploader/processing.rb,5effe4ecaae9,file upload,19.7,32,0,100,0.5,0,133.3,3,4,3,1.0,isolado,carrierwave#0,19,grupo,18
carrierwave,lib/carrierwave/uploader/proxy.rb,5effe4ecaae9,file upload,3,3,0,75,0.0,0,0.0,8,3,6,0.75,isolado,carrierwave#0,19,grupo,18
carrierwave,lib/carrierwave/uploader/store.rb,5effe4ecaae9,file upload,6.5,16,0,36,1.25,0,0.0,11,4,11,1.0,isolado,carrierwave#0,19,grupo,18
carrierwave,lib/carrierwave/uploader/versions.rb,5effe4ecaae9,file upload,7.8,46,0,77,0.6,0,26.9,26,5,25,0.962,isolado,carrierwave#0,19,grupo,18
childprocess,lib/childprocess.rb,c756730c4ac4,processes,6.6,27,100,53,0.0,0,0.0,17,1,16,0.941,isolado,childprocess#0,4,grupo,3
childprocess,lib/childprocess/abstract_io.rb,c756730c4ac4,processes,3.8,4,0,0,0.0,0,0.0,5,2,3,0.6,isolado,childprocess#0,4,grupo,3
childprocess,lib/childprocess/abstract_process.rb,c756730c4ac4,processes,4.4,15,0,24,0.0,0,0.0,17,2,10,0.588,isolado,childprocess#0,4,grupo,3
childprocess,lib/childprocess/process_spawn_process.rb,c756730c4ac4,processes,15.9,58,0,57,0.0,1,0.0,7,2,6,0.857,isolado,childprocess#0,4,grupo,3
childprocess,lib/childprocess/windows/io.rb,c756730c4ac4,processes,4,6,0,100,0.0,1,0.0,3,3,3,1.0,isolado,childprocess#1,1,diversidade,0
chronic,lib/chronic/date.rb,7d3d82d38c99,date and time processing,4.8,8,100,100,0.0,0,0.0,5,2,3,0.6,isolado,chronic#0,2,diversidade,0
cocoapods,lib/cocoapods/command/install.rb,5493bfd201a3,package management,7.3,9,33,100,0.67,2,0.0,3,3,3,1.0,isolado,cocoapods#0,104,diversidade,2
cocoapods,lib/cocoapods/command/ipc/repl.rb,5493bfd201a3,package management,5.4,10,0,60,0.25,3,20.0,5,4,5,1.0,isolado,cocoapods#3,1,diversidade,0
cocoapods,lib/cocoapods/installer/xcode/pods_project_generator/pod_target_installer.rb,5493bfd201a3,package management,19.9,106,7,96,0.0,1,0.0,45,5,45,1.0,isolado,cocoapods#0,104,diversidade,2
cocoapods,lib/cocoapods/installer/xcode/pods_project_generator/project_generator.rb,5493bfd201a3,package management,13.5,34,0,25,0.0,0,0.0,4,4,4,1.0,isolado,cocoapods#0,104,diversidade,2
cocoapods,lib/cocoapods/user_interface.rb,5493bfd201a3,package management,9.5,31,100,61,0.2,0,4.3,23,5,21,0.913,isolado,cocoapods#9,1,diversidade,0
coderay,lib/coderay/scanners/ruby.rb,d30855fe96e3,code highlighting,150,444,0,33,0.0,2,0.0,3,3,3,1.0,isolado,coderay#0,24,diversidade,0
commander,lib/commander/command.rb,b4c6be4b149c,cli builder,5.1,11,0,73,0.33,0,20.0,15,3,14,0.933,isolado,commander#0,6,grupo,5
commander,lib/commander/help_formatters.rb,b4c6be4b149c,cli builder,3.4,5,0,75,0.0,1,12.5,8,4,6,0.75,isolado,commander#0,6,grupo,5
commander,lib/commander/help_formatters/base.rb,b4c6be4b149c,cli builder,3,3,0,33,0.0,0,0.0,3,3,3,1.0,isolado,commander#0,6,grupo,5
commander,lib/commander/help_formatters/terminal.rb,b4c6be4b149c,cli builder,3,3,0,0,0.0,1,0.0,3,3,3,1.0,isolado,commander#0,6,grupo,5
commander,lib/commander/runner.rb,b4c6be4b149c,cli builder,7.7,38,9,64,0.0,2,0.0,33,4,31,0.939,isolado,commander#0,6,grupo,5
commander,lib/commander/user_interaction.rb,b4c6be4b149c,cli builder,7.4,32,0,83,0.0,0,6.7,30,4,28,0.933,isolado,commander#0,6,grupo,5
concurrent-ruby,docs-source/medium-example.init.rb,0b88d5ff75f6,concurrency and parallelism,3,4,67,0,0.0,0,0.0,3,0,3,1.0,isolado,concurrent-ruby#0,1,diversidade,0
concurrent-ruby,lib/concurrent-ruby/concurrent/executor/java_thread_pool_executor.rb,0b88d5ff75f6,concurrency and parallelism,5.1,35,0,87,0.5,4,0.0,15,2,15,1.0,com a biblioteca carregada,concurrent-ruby#9,1,diversidade,0
concurrent-ruby,lib/concurrent-ruby/concurrent/synchronization/abstract_struct.rb,0b88d5ff75f6,concurrency and parallelism,6.1,28,6,71,0.33,0,41.2,17,3,17,1.0,isolado,concurrent-ruby#10,1,diversidade,0
connection_pool,lib/connection_pool/fork.rb,78bc41e2a9ff,database tools,8,14,67,67,0.0,0,0.0,3,2,3,1.0,isolado,connection_pool#1,1,diversidade,0
countries,lib/countries/configuration.rb,8c026f5b49da,country data,4.5,9,38,25,0.0,0,0.0,8,2,8,1.0,isolado,countries#0,11,diversidade,4
countries,lib/countries/country.rb,8c026f5b49da,country data,3.5,7,0,83,2.5,0,4.2,24,2,20,0.833,isolado,countries#0,11,diversidade,4
countries,lib/countries/data.rb,8c026f5b49da,country data,5.2,11,92,67,1.0,0,0.0,24,2,24,1.0,isolado,countries#0,11,diversidade,4
countries,lib/countries/data/locales_methods.rb,8c026f5b49da,country data,3,3,0,100,0.0,0,0.0,4,2,4,1.0,isolado,countries#0,11,diversidade,4
countries,lib/countries/subdivision.rb,8c026f5b49da,country data,3.8,5,0,50,0.0,0,50.0,4,2,4,1.0,isolado,countries#0,11,diversidade,4
dalli,lib/dalli.rb,fc1b590e462a,caching,4,6,100,25,0.0,3,0.0,4,11,4,1.0,isolado,dalli#0,21,diversidade,2
dalli,lib/dalli/client.rb,fc1b590e462a,caching,7.3,26,0,71,0.0,0,0.0,62,2,56,0.903,isolado,dalli#0,21,diversidade,2
dalli,lib/dalli/servers_arg_normalizer.rb,fc1b590e462a,caching,5.7,7,100,100,0.0,0,0.0,3,2,3,1.0,isolado,dalli#0,21,diversidade,2
danger,lib/danger/ci_source/jenkins.rb,c94d38b3ce68,automation,6.8,22,75,83,0.0,1,0.0,12,3,10,0.833,isolado,danger#16,1,diversidade,0
danger,lib/danger/ci_source/support/commits.rb,c94d38b3ce68,automation,3,3,0,100,0.0,0,0.0,3,2,3,1.0,isolado,danger#0,60,diversidade,3
danger,lib/danger/danger_core/dangerfile.rb,c94d38b3ce68,automation,12.5,35,9,77,0.5,0,36.4,22,2,19,0.864,isolado,danger#0,60,diversidade,3
danger,lib/danger/plugin_support/plugin.rb,c94d38b3ce68,automation,3.6,7,57,43,0.0,0,28.6,7,2,7,1.0,isolado,danger#0,60,diversidade,3
danger,lib/danger/request_sources/github/github_review_unsupported.rb,c94d38b3ce68,automation,1,1,0,0,0.0,0,0.0,7,4,3,0.429,isolado,danger#0,60,diversidade,3
database_cleaner,lib/database_cleaner/cleaner.rb,23fb7a715317,database tools,5.7,12,13,53,0.67,1,20.0,15,3,15,1.0,isolado,database_cleaner#0,2,diversidade,0
database_cleaner,lib/database_cleaner/null_strategy.rb,23fb7a715317,database tools,3.2,4,0,0,0.0,0,0.0,4,2,3,0.75,isolado,database_cleaner#2,1,diversidade,0
debug,lib/debug/abbrev_command.rb,bad4d38f8330,developer tooling,6,12,0,80,0.0,0,0.0,10,3,10,1.0,isolado,debug#0,16,grupo,15
debug,lib/debug/breakpoint.rb,bad4d38f8330,developer tooling,8.9,43,2,62,0.25,1,7.7,52,8,46,0.885,isolado,debug#0,16,grupo,15
debug,lib/debug/client.rb,bad4d38f8330,developer tooling,19.1,62,42,58,0.0,1,33.3,12,3,12,1.0,isolado,debug#0,16,grupo,15
debug,lib/debug/color.rb,bad4d38f8330,developer tooling,4.9,13,0,27,0.0,0,0.0,15,4,10,0.667,isolado,debug#1,1,diversidade,0
debug,lib/debug/config.rb,bad4d38f8330,developer tooling,18.1,177,52,59,0.0,0,11.1,27,2,26,0.963,isolado,debug#0,16,grupo,15
debug,lib/debug/console.rb,bad4d38f8330,developer tooling,11.8,65,0,50,0.5,0,0.0,16,2,13,0.812,isolado,debug#0,16,grupo,15
debug,lib/debug/dap_custom/traceInspector.rb,bad4d38f8330,developer tooling,14.8,53,0,90,0.0,1,10.0,20,7,19,0.95,isolado,debug#0,16,grupo,15
debug,lib/debug/frame_info.rb,bad4d38f8330,developer tooling,6.5,17,5,68,0.0,0,0.0,22,2,22,1.0,isolado,debug#0,16,grupo,15
debug,lib/debug/irb_integration.rb,bad4d38f8330,developer tooling,7.7,8,0,33,0.0,0,66.7,3,4,3,1.0,isolado,debug#0,16,grupo,15
debug,lib/debug/local.rb,bad4d38f8330,developer tooling,7.2,17,0,31,0.0,1,0.0,13,2,13,1.0,isolado,debug#0,16,grupo,15
debug,lib/debug/server.rb,bad4d38f8330,developer tooling,18.4,58,0,73,0.0,2,0.0,26,8,24,0.923,isolado,debug#0,16,grupo,15
debug,lib/debug/server_cdp.rb,bad4d38f8330,developer tooling,27,202,9,83,0.27,1,26.1,46,11,42,0.913,isolado,debug#0,16,grupo,15
debug,lib/debug/server_dap.rb,bad4d38f8330,developer tooling,32.6,219,12,81,0.17,1,28.1,32,6,31,0.969,isolado,debug#0,16,grupo,15
debug,lib/debug/session.rb,bad4d38f8330,developer tooling,15.6,675,16,69,0.62,1,3.4,149,24,129,0.866,isolado,debug#0,16,grupo,15
debug,lib/debug/source_repository.rb,bad4d38f8330,developer tooling,8.4,18,0,79,0.5,0,14.3,14,2,14,1.0,isolado,debug#0,16,grupo,15
debug,lib/debug/thread_client.rb,bad4d38f8330,developer tooling,14.7,377,1,76,0.62,1,5.7,87,8,82,0.943,isolado,debug#0,16,grupo,15
debug,lib/debug/tracer.rb,bad4d38f8330,developer tooling,9.6,55,0,67,0.33,1,4.8,21,6,20,0.952,isolado,debug#0,16,grupo,15
devise,lib/devise/rails/routes.rb,9ea459de9aec,authentication and oauth,12.9,46,0,65,0.2,0,11.8,17,5,15,0.882,isolado,devise#0,18,diversidade,0
diffy,lib/diffy/diff.rb,72dc29ff5a5b,diff,13.4,35,20,80,0.5,0,10.0,10,2,10,1.0,isolado,diffy#0,4,diversidade,0
doorkeeper,lib/doorkeeper/errors.rb,75a84fefe686,authentication and oauth,3.5,7,27,18,0.0,3,0.0,11,9,6,0.545,isolado,doorkeeper#1,1,diversidade,0
doorkeeper,lib/doorkeeper/oauth/client/credentials.rb,75a84fefe686,authentication and oauth,10.6,34,100,100,0.0,0,0.0,5,3,5,1.0,com a biblioteca carregada,doorkeeper#2,30,diversidade,0
doorkeeper,lib/doorkeeper/secret_storing/plain.rb,75a84fefe686,authentication and oauth,3,3,100,33,0.0,1,33.3,3,3,3,1.0,com a biblioteca carregada,doorkeeper#12,1,diversidade,0
dotenv,lib/dotenv.rb,34156bf400cd,configuration,8.4,19,0,64,1.0,0,0.0,11,1,9,0.818,isolado,dotenv#0,4,grupo,3
dotenv,lib/dotenv/diff.rb,34156bf400cd,configuration,4.1,6,0,71,0.0,0,0.0,7,2,7,1.0,isolado,dotenv#0,4,grupo,3
dotenv,lib/dotenv/environment.rb,34156bf400cd,configuration,4,6,0,0,0.0,1,0.0,3,2,3,1.0,isolado,dotenv#0,4,grupo,3
dotenv,lib/dotenv/parser.rb,34156bf400cd,configuration,8.1,19,14,86,0.0,1,0.0,7,3,7,1.0,isolado,dotenv#0,4,grupo,3
dotenv,lib/dotenv/template.rb,34156bf400cd,configuration,6.4,19,0,80,0.0,0,0.0,5,2,5,1.0,isolado,dotenv#1,1,diversidade,0
dry-types,lib/dry/types/array/constructor.rb,1a13fb04926f,type signatures and type checking,1,1,0,67,0.0,2,0.0,3,4,3,1.0,isolado,dry-types#0,35,diversidade,3
dry-types,lib/dry/types/coercions/params.rb,1a13fb04926f,type signatures and type checking,9.2,11,100,88,0.25,0,0.0,8,4,6,0.75,isolado,dry-types#0,35,diversidade,3
dry-types,lib/dry/types/composition.rb,1a13fb04926f,type signatures and type checking,2.9,8,6,38,1.75,0,25.0,16,4,12,0.75,isolado,dry-types#0,35,diversidade,3
dry-types,lib/dry/types/module.rb,1a13fb04926f,type signatures and type checking,18.2,28,0,100,0.67,1,140.0,5,3,5,1.0,isolado,dry-types#0,35,diversidade,3
eventmachine,lib/em/protocols/saslauth.rb,9cb13a8a6236,concurrency and parallelism,10,17,0,50,0.0,0,0.0,6,4,5,0.833,isolado,eventmachine#6,1,diversidade,0
eventmachine,lib/em/pure_ruby.rb,9cb13a8a6236,concurrency and parallelism,6.5,53,42,52,0.05,2,2.6,114,37,80,0.702,isolado,eventmachine#0,27,diversidade,1
eventmachine,lib/eventmachine.rb,9cb13a8a6236,concurrency and parallelism,12.9,96,100,64,1.0,0,17.0,47,1,46,0.979,isolado,eventmachine#0,27,diversidade,1
excon,lib/excon/error.rb,ac022b6417d7,http clients and tools,15.4,45,43,43,0.0,4,14.3,7,63,6,0.857,isolado,excon#0,11,diversidade,1
excon,lib/excon/ssl_socket.rb,ac022b6417d7,http clients and tools,32.7,161,0,83,0.0,1,0.0,6,2,5,0.833,isolado,excon#0,11,diversidade,1
eye,lib/eye/checker/cpu.rb,300aa8793112,process management and monitoring,3,3,0,0,0.0,2,0.0,3,1,3,1.0,isolado,eye#0,51,diversidade,4
eye,lib/eye/child_process.rb,300aa8793112,process management and monitoring,3.8,17,0,21,8.0,0,0.0,14,1,11,0.786,com a biblioteca carregada,eye#0,51,diversidade,4
eye,lib/eye/dsl.rb,300aa8793112,process management and monitoring,6.2,16,100,50,0.0,1,0.0,4,2,4,1.0,isolado,eye#0,51,diversidade,4
eye,lib/eye/dsl/pure_opts.rb,300aa8793112,process management and monitoring,11.9,39,22,33,0.0,0,122.2,9,1,7,0.778,isolado,eye#0,51,diversidade,4
eye,lib/eye/group/chain.rb,300aa8793112,process management and monitoring,15,36,0,100,0.0,0,0.0,5,1,5,1.0,com a biblioteca carregada,eye#0,51,diversidade,4
factory_bot,lib/factory_bot/decorator.rb,5d399535578d,testing,3,3,20,40,0.0,1,60.0,5,2,5,1.0,isolado,factory_bot#0,32,diversidade,0
faker,lib/faker/default/omniauth.rb,e48d35f4fa0d,testing,26.5,72,93,57,0.0,1,0.0,14,2,13,0.929,isolado,faker#0,30,diversidade,0
faraday,lib/faraday.rb,f1ace878bae1,http clients and tools,4,7,100,29,0.0,0,14.3,7,1,7,1.0,isolado,faraday#0,26,diversidade,0
fastimage,lib/fastimage/fastimage.rb,7a0dcf780e6d,image processing,10.8,54,12,56,0.14,2,4.0,25,7,22,0.88,isolado,fastimage#0,8,diversidade,0
fastlane,deliver/lib/deliver/commands_generator.rb,38d0ec404332,mobile development,46,160,50,75,0.5,0,0.0,4,2,4,1.0,isolado,fastlane#0,469,diversidade,7
fastlane,deliver/lib/deliver/setup.rb,38d0ec404332,mobile development,26.1,89,0,57,0.0,0,142.9,7,2,7,1.0,isolado,fastlane#0,469,diversidade,7
fastlane,fastlane/lib/fastlane/plugins/plugin_generator_ui.rb,38d0ec404332,mobile development,3,3,0,25,0.0,0,0.0,4,2,4,1.0,isolado,fastlane#0,469,diversidade,7
fastlane,fastlane_core/lib/fastlane_core/helper.rb,38d0ec404332,mobile development,6.7,34,100,23,0.0,0,0.0,53,2,46,0.868,isolado,fastlane#0,469,diversidade,7
fastlane,frameit/lib/frameit/device_types.rb,38d0ec404332,mobile development,4,7,100,25,0.0,0,75.0,4,5,4,1.0,isolado,fastlane#0,469,diversidade,7
fastlane,precheck/lib/precheck/rules/custom_text_rule.rb,38d0ec404332,mobile development,3,3,57,14,0.0,4,0.0,7,2,3,0.429,isolado,fastlane#7,1,diversidade,0
fastlane,spaceship/lib/spaceship/connect_api/models/beta_app_clip_invocation.rb,38d0ec404332,mobile development,4,5,75,75,0.33,0,0.0,4,3,4,1.0,isolado,fastlane#0,469,diversidade,7
fastlane,spaceship/lib/spaceship/test_flight/base.rb,38d0ec404332,mobile development,7.7,14,67,100,0.0,1,33.3,3,3,3,1.0,isolado,fastlane#20,1,diversidade,0
fastlane,spaceship/lib/spaceship/tunes/iap_families.rb,38d0ec404332,mobile development,10.7,13,0,100,0.0,2,0.0,3,3,3,1.0,isolado,fastlane#0,469,diversidade,7
fastlane,spaceship/lib/spaceship/tunes/tunes_client.rb,38d0ec404332,mobile development,14.8,87,2,73,0.0,1,0.0,93,2,79,0.849,isolado,fastlane#0,469,diversidade,7
geocoder,lib/geocoder.rb,d3515db46c57,geolocation,4.7,5,100,100,0.0,0,0.0,3,1,3,1.0,isolado,geocoder#0,106,diversidade,2
geocoder,lib/geocoder/models/mongo_base.rb,d3515db46c57,geolocation,9.8,13,0,100,0.33,0,50.0,4,3,3,0.75,isolado,geocoder#0,106,diversidade,2
geocoder,lib/geocoder/results/ipqualityscore.rb,d3515db46c57,geolocation,11,27,33,0,0.0,1,0.0,3,3,3,1.0,isolado,geocoder#6,1,diversidade,0
geocoder,lib/geocoder/results/uk_ordnance_survey_names.rb,d3515db46c57,geolocation,3.4,6,0,82,0.0,1,0.0,11,2,8,0.727,isolado,geocoder#0,106,diversidade,2
gitlab,lib/gitlab.rb,4818c5712616,third-party apis,4.3,7,100,67,1.0,0,33.3,6,1,6,1.0,isolado,gitlab#0,18,diversidade,2
gitlab,lib/gitlab/client.rb,4818c5712616,third-party apis,4.2,5,0,75,32.5,2,0.0,4,2,4,1.0,isolado,gitlab#0,18,diversidade,2
gitlab,lib/gitlab/objectified_hash.rb,4818c5712616,third-party apis,5,10,0,83,0.0,0,16.7,6,2,6,1.0,isolado,gitlab#0,18,diversidade,2
gli,lib/gli/app.rb,4029b76c888a,cli builder,4.2,10,0,21,1.0,0,0.0,28,2,15,0.536,isolado,gli#0,26,diversidade,1
gli,lib/gli/commands/scaffold.rb,4029b76c888a,cli builder,34.1,109,100,89,0.0,0,0.0,9,3,9,1.0,isolado,gli#1,1,diversidade,0
gli,lib/gli/gli_option_parser.rb,4029b76c888a,cli builder,17.9,57,0,73,0.0,2,9.1,11,5,11,1.0,isolado,gli#0,26,diversidade,1
guard,lib/guard/dsl_describer.rb,170d63c6ca57,file system listener,23.6,50,0,100,0.0,0,0.0,5,2,5,1.0,isolado,guard#0,32,diversidade,3
guard,lib/guard/interactor.rb,170d63c6ca57,file system listener,4.8,10,50,50,0.5,0,0.0,4,2,3,0.75,isolado,guard#0,32,diversidade,3
guard,lib/guard/internals/scope.rb,170d63c6ca57,file system listener,8.7,30,0,64,0.0,0,36.4,11,3,11,1.0,isolado,guard#0,32,diversidade,3
guard,lib/guard/jobs/sleep.rb,170d63c6ca57,file system listener,5,9,0,0,0.0,1,0.0,3,3,3,1.0,isolado,guard#0,32,diversidade,3
haml,lib/haml/dynamic_merger.rb,7f51ae709d96,template engine,19,25,0,100,0.0,1,0.0,3,2,3,1.0,isolado,haml#2,1,diversidade,0
haml,lib/haml/ruby_expression.rb,7f51ae709d96,template engine,6.7,14,100,33,0.0,0,0.0,3,2,3,1.0,isolado,haml#0,16,diversidade,0
hashie,lib/hashie/dash.rb,ce2226269688,core extensions,6.7,22,26,70,0.5,1,39.1,23,2,23,1.0,isolado,hashie#1,14,grupo,13
hashie,lib/hashie/extensions/coercion.rb,ce2226269688,core extensions,6.8,26,5,79,0.0,1,21.1,19,6,17,0.895,isolado,hashie#1,14,grupo,13
hashie,lib/hashie/extensions/dash/indifferent_access.rb,ce2226269688,core extensions,4.6,7,33,100,0.0,0,11.1,9,5,9,1.0,isolado,hashie#1,14,grupo,13
hashie,lib/hashie/extensions/dash/predefined_values.rb,ce2226269688,core extensions,4.8,9,10,50,0.0,0,30.0,10,6,10,1.0,isolado,hashie#1,14,grupo,13
hashie,lib/hashie/extensions/dash/property_translation.rb,ce2226269688,core extensions,6.5,15,6,76,0.0,0,41.2,17,6,17,1.0,isolado,hashie#1,14,grupo,13
hashie,lib/hashie/extensions/deep_merge.rb,ce2226269688,core extensions,9.8,15,0,100,0.0,0,0.0,4,3,4,1.0,isolado,hashie#1,14,grupo,13
hashie,lib/hashie/extensions/indifferent_access.rb,ce2226269688,core extensions,5.2,27,24,60,0.33,0,8.0,25,3,23,0.92,isolado,hashie#1,14,grupo,13
hashie,lib/hashie/extensions/parsers/yaml_erb_parser.rb,ce2226269688,core extensions,5.6,9,20,80,0.0,0,0.0,5,4,5,1.0,isolado,hashie#1,14,grupo,13
hashie,lib/hashie/extensions/ruby_version_check.rb,ce2226269688,core extensions,3,3,33,33,0.0,0,0.0,3,4,3,1.0,isolado,hashie#8,2,diversidade,0
hashie,lib/hashie/extensions/stringify_keys.rb,ce2226269688,core extensions,6.8,12,0,60,0.25,0,0.0,5,4,5,1.0,isolado,hashie#1,14,grupo,13
hashie,lib/hashie/extensions/symbolize_keys.rb,ce2226269688,core extensions,6.2,12,0,67,0.25,0,0.0,6,4,6,1.0,isolado,hashie#1,14,grupo,13
hashie,lib/hashie/hash.rb,ce2226269688,core extensions,8,22,0,80,1.0,1,0.0,5,2,5,1.0,isolado,hashie#1,14,grupo,13
hashie,lib/hashie/mash.rb,ce2226269688,core extensions,5.3,16,5,51,1.5,1,2.3,43,2,35,0.814,isolado,hashie#1,14,grupo,13
hashie,lib/hashie/rash.rb,ce2226269688,core extensions,10.8,38,0,78,0.0,0,11.1,9,2,9,1.0,isolado,hashie#1,14,grupo,13
hashie,lib/hashie/utils.rb,ce2226269688,core extensions,7.7,8,100,67,0.0,0,0.0,3,2,3,1.0,isolado,hashie#1,14,grupo,13
http,lib/http/feature.rb,942b1b36cea9,http clients and tools,2.2,3,0,0,0.0,0,0.0,5,2,3,0.6,isolado,http#1,1,diversidade,0
httparty,examples/party_foul_mode.rb,9c89e55ce357,http clients and tools,16.7,34,100,67,1.0,0,0.0,3,1,3,1.0,isolado,httparty#1,1,diversidade,0
httpclient,lib/httpclient/auth.rb,5bc7b0d383c4,http clients and tools,9.9,45,2,71,0.54,2,0.0,62,13,53,0.855,isolado,httpclient#0,14,diversidade,0
i18n,lib/i18n/locale/tag/parents.rb,8beba7876163,internationalization,4.7,8,0,67,0.0,0,0.0,3,4,3,1.0,isolado,i18n#4,1,diversidade,0
image_processing,lib/image_processing/builder.rb,1611c00ed4eb,image processing,4.5,7,0,50,0.5,0,0.0,4,2,4,1.0,isolado,image_processing#0,4,grupo,3
image_processing,lib/image_processing/chainable.rb,1611c00ed4eb,image processing,6.2,17,0,45,0.0,0,45.5,11,2,7,0.636,isolado,image_processing#0,4,grupo,3
image_processing,lib/image_processing/pipeline.rb,1611c00ed4eb,image processing,8.1,13,0,89,0.0,0,11.1,9,2,9,1.0,isolado,image_processing#0,4,grupo,3
image_processing,lib/image_processing/processor.rb,1611c00ed4eb,image processing,8.6,24,57,43,0.0,0,57.1,7,2,7,1.0,isolado,image_processing#0,4,grupo,3
jaro_winkler,lib/jaro_winkler/jaro_winkler_pure.rb,9d7b6c110fa8,scientific,17.1,84,100,71,0.0,2,0.0,7,3,7,1.0,isolado,jaro_winkler#0,1,diversidade,0
jwt,lib/jwt/claims.rb,db560b769a07,authentication and oauth,3,3,100,0,0.0,0,0.0,3,2,3,1.0,isolado,jwt#0,20,grupo,19
jwt,lib/jwt/claims/numeric.rb,db560b769a07,authentication and oauth,5.7,9,0,67,0.0,0,0.0,3,3,3,1.0,isolado,jwt#0,20,grupo,19
jwt,lib/jwt/claims/verifier.rb,db560b769a07,authentication and oauth,7,9,100,75,0.0,0,0.0,4,3,4,1.0,isolado,jwt#0,20,grupo,19
jwt,lib/jwt/decode.rb,db560b769a07,authentication and oauth,6.1,14,0,86,0.0,0,0.0,14,2,14,1.0,isolado,jwt#0,20,grupo,19
jwt,lib/jwt/encoded_token.rb,db560b769a07,authentication and oauth,5,13,0,35,0.0,0,0.0,20,2,20,1.0,isolado,jwt#0,20,grupo,19
jwt,lib/jwt/jwa.rb,db560b769a07,authentication and oauth,9,13,100,100,0.0,0,0.0,5,2,5,1.0,isolado,jwt#0,20,grupo,19
jwt,lib/jwt/jwa/ecdsa.rb,db560b769a07,authentication and oauth,6.4,13,33,67,0.33,0,0.0,9,3,9,1.0,isolado,jwt#0,20,grupo,19
jwt,lib/jwt/jwa/hmac.rb,db560b769a07,authentication and oauth,5.4,9,0,75,0.25,0,0.0,8,4,8,1.0,isolado,jwt#0,20,grupo,19
jwt,lib/jwt/jwa/ps.rb,db560b769a07,authentication and oauth,5,6,0,100,0.33,0,0.0,3,3,3,1.0,isolado,jwt#0,20,grupo,19
jwt,lib/jwt/jwa/rsa.rb,db560b769a07,authentication and oauth,5,6,0,100,0.33,0,0.0,3,3,3,1.0,isolado,jwt#0,20,grupo,19
jwt,lib/jwt/jwa/signing_algorithm.rb,db560b769a07,authentication and oauth,3,3,36,55,0.0,0,0.0,11,4,10,0.909,isolado,jwt#0,20,grupo,19
jwt,lib/jwt/jwk.rb,db560b769a07,authentication and oauth,7.5,14,100,50,0.0,0,0.0,4,2,4,1.0,isolado,jwt#0,20,grupo,19
jwt,lib/jwt/jwk/ec.rb,db560b769a07,authentication and oauth,8.4,22,9,57,0.0,1,0.0,23,3,20,0.87,isolado,jwt#0,20,grupo,19
jwt,lib/jwt/jwk/hmac.rb,db560b769a07,authentication and oauth,4.9,13,7,50,0.0,1,0.0,14,3,11,0.786,isolado,jwt#0,20,grupo,19
jwt,lib/jwt/jwk/key_base.rb,db560b769a07,authentication and oauth,4.5,12,9,73,0.0,0,0.0,11,3,11,1.0,isolado,jwt#0,20,grupo,19
jwt,lib/jwt/jwk/key_finder.rb,db560b769a07,authentication and oauth,11.8,13,0,100,0.0,0,0.0,4,3,4,1.0,isolado,jwt#0,20,grupo,19
jwt,lib/jwt/jwk/rsa.rb,db560b769a07,authentication and oauth,6.5,17,26,74,0.0,1,0.0,23,3,21,0.913,isolado,jwt#0,20,grupo,19
jwt,lib/jwt/jwk/set.rb,db560b769a07,authentication and oauth,5.2,17,0,100,0.67,0,0.0,9,3,9,1.0,isolado,jwt#0,20,grupo,19
jwt,lib/jwt/token.rb,db560b769a07,authentication and oauth,3.8,10,0,17,0.0,0,0.0,12,2,12,1.0,isolado,jwt#0,20,grupo,19
jwt,lib/jwt/x5c_key_finder.rb,db560b769a07,authentication and oauth,9.2,15,0,75,0.0,0,0.0,4,2,4,1.0,isolado,jwt#0,20,grupo,19
kaminari,kaminari-core/lib/kaminari/config.rb,508caf4653b2,pagination,5.2,12,50,25,0.0,0,0.0,4,2,4,1.0,isolado,kaminari#0,7,diversidade,1
kaminari,kaminari-core/lib/kaminari/helpers/paginator.rb,508caf4653b2,pagination,4.3,16,0,78,0.25,1,14.8,27,4,26,0.963,isolado,kaminari#0,7,diversidade,1
knapsack,lib/knapsack.rb,f394c8470281,testing,3.7,6,100,33,0.0,0,0.0,6,1,5,0.833,isolado,knapsack#0,15,grupo,14
knapsack,lib/knapsack/adapters/base_adapter.rb,f394c8470281,testing,5.9,15,14,29,0.0,0,0.0,7,3,5,0.714,isolado,knapsack#0,15,grupo,14
knapsack,lib/knapsack/adapters/cucumber_adapter.rb,f394c8470281,testing,11.4,24,20,40,0.0,1,0.0,5,3,5,1.0,isolado,knapsack#0,15,grupo,14
knapsack,lib/knapsack/adapters/minitest_adapter.rb,f394c8470281,testing,7,15,14,14,0.0,1,14.3,7,4,7,1.0,isolado,knapsack#0,15,grupo,14
knapsack,lib/knapsack/adapters/rspec_adapter.rb,f394c8470281,testing,13.5,19,25,100,0.0,2,0.0,4,4,4,1.0,isolado,knapsack#0,15,grupo,14
knapsack,lib/knapsack/adapters/spinach_adapter.rb,f394c8470281,testing,7.8,14,25,25,0.0,1,0.0,4,3,4,1.0,isolado,knapsack#0,15,grupo,14
knapsack,lib/knapsack/allocator.rb,f394c8470281,testing,3.7,6,0,83,0.0,0,0.0,6,2,5,0.833,isolado,knapsack#0,15,grupo,14
knapsack,lib/knapsack/allocator_builder.rb,f394c8470281,testing,4.3,8,0,17,0.0,0,0.0,6,2,6,1.0,isolado,knapsack#0,15,grupo,14
knapsack,lib/knapsack/config/env.rb,f394c8470281,testing,3.5,7,100,9,0.0,0,0.0,11,3,7,0.636,isolado,knapsack#0,15,grupo,14
knapsack,lib/knapsack/distributors/base_distributor.rb,f394c8470281,testing,3.9,10,0,30,0.0,0,0.0,10,3,8,0.8,isolado,knapsack#0,15,grupo,14
knapsack,lib/knapsack/distributors/leftover_distributor.rb,f394c8470281,testing,5,8,0,100,0.0,1,0.0,5,3,5,1.0,isolado,knapsack#0,15,grupo,14
knapsack,lib/knapsack/distributors/report_distributor.rb,f394c8470281,testing,6.1,15,0,78,0.0,1,0.0,9,3,9,1.0,isolado,knapsack#0,15,grupo,14
knapsack,lib/knapsack/presenter.rb,f394c8470281,testing,7.7,32,100,20,0.0,0,0.0,10,2,10,1.0,isolado,knapsack#0,15,grupo,14
knapsack,lib/knapsack/report.rb,f394c8470281,testing,4,6,0,67,0.5,0,0.0,6,2,5,0.833,isolado,knapsack#0,15,grupo,14
knapsack,lib/knapsack/tracker.rb,f394c8470281,testing,4.4,11,0,47,0.5,0,0.0,15,2,14,0.933,isolado,knapsack#0,15,grupo,14
kramdown,lib/kramdown/element.rb,12b3d2e75279,markdown processors,3.7,7,14,57,0.0,0,0.0,7,2,5,0.714,isolado,kramdown#0,24,diversidade,3
kramdown,lib/kramdown/parser/kramdown/html.rb,12b3d2e75279,markdown processors,42,59,0,100,0.67,1,0.0,3,3,3,1.0,com a biblioteca carregada,kramdown#0,24,diversidade,3
kramdown,lib/kramdown/utils.rb,12b3d2e75279,markdown processors,4.3,7,100,67,0.0,0,33.3,3,2,3,1.0,isolado,kramdown#0,24,diversidade,3
kramdown,setup.rb,12b3d2e75279,markdown processors,6.2,111,4,55,0.21,1,2.8,181,19,148,0.818,isolado,kramdown#0,24,diversidade,3
liquid,lib/liquid/expression.rb,7a5e45fc4784,template engine,23,52,100,100,0.0,0,0.0,4,2,4,1.0,isolado,liquid#0,46,diversidade,4
liquid,lib/liquid/standardfilters.rb,7a5e45fc4784,template engine,6.8,22,1,81,0.33,0,1.4,74,3,69,0.932,isolado,liquid#0,46,diversidade,4
liquid,lib/liquid/strainer_template.rb,7a5e45fc4784,template engine,5.6,12,71,71,0.5,0,28.6,7,2,7,1.0,isolado,liquid#0,46,diversidade,4
liquid,lib/liquid/tags/capture.rb,7a5e45fc4784,template engine,4.8,7,0,50,0.5,2,0.0,6,2,6,1.0,isolado,liquid#0,46,diversidade,4
liquid,lib/liquid/tags/comment.rb,7a5e45fc4784,template engine,12.6,48,0,40,0.0,2,40.0,5,2,5,1.0,isolado,liquid#0,46,diversidade,4
listen,lib/listen/directory.rb,2fa1a742d8c2,file system listener,15.6,45,100,100,0.0,0,0.0,5,2,5,1.0,isolado,listen#0,25,diversidade,0
logging,lib/logging.rb,aec306300d18,logging,9.8,58,100,56,0.5,0,16.0,25,2,22,0.88,isolado,logging#0,19,grupo,18
logging,lib/logging/appender.rb,aec306300d18,logging,9.2,27,0,56,0.0,0,0.0,16,2,15,0.938,isolado,logging#0,19,grupo,18
logging,lib/logging/appenders.rb,aec306300d18,logging,3,8,0,100,0.5,0,0.0,5,2,5,1.0,isolado,logging#0,19,grupo,18
logging,lib/logging/appenders/buffering.rb,aec306300d18,logging,10.5,27,0,75,0.0,0,0.0,24,3,24,1.0,isolado,logging#0,19,grupo,18
logging,lib/logging/appenders/console.rb,aec306300d18,logging,8.2,11,40,80,0.0,2,0.0,5,2,4,0.8,isolado,logging#0,19,grupo,18
logging,lib/logging/appenders/file.rb,aec306300d18,logging,9,14,29,57,0.0,2,0.0,7,2,7,1.0,isolado,logging#0,19,grupo,18
logging,lib/logging/appenders/io.rb,aec306300d18,logging,7.8,12,17,100,0.5,1,16.7,6,2,6,1.0,isolado,logging#0,19,grupo,18
logging,lib/logging/appenders/rolling_file.rb,aec306300d18,logging,12.3,35,5,76,0.0,2,9.5,21,3,21,1.0,isolado,logging#0,19,grupo,18
logging,lib/logging/appenders/string_io.rb,aec306300d18,logging,7.2,13,20,80,0.0,2,0.0,5,3,5,1.0,isolado,logging#0,19,grupo,18
logging,lib/logging/appenders/syslog.rb,aec306300d18,logging,8.6,15,12,100,0.5,1,12.5,8,2,8,1.0,isolado,logging#0,19,grupo,18
logging,lib/logging/color_scheme.rb,aec306300d18,logging,5.6,16,23,85,0.0,0,7.7,13,2,12,0.923,isolado,logging#0,19,grupo,18
logging,lib/logging/diagnostic_context.rb,aec306300d18,logging,7.1,20,17,75,0.5,0,4.2,24,4,22,0.917,isolado,logging#0,19,grupo,18
logging,lib/logging/layout.rb,aec306300d18,logging,9.5,20,0,62,0.0,0,0.0,13,2,12,0.923,isolado,logging#0,19,grupo,18
logging,lib/logging/layouts/parseable.rb,aec306300d18,logging,8.7,24,54,69,0.0,1,15.4,13,2,11,0.846,isolado,logging#0,19,grupo,18
logging,lib/logging/layouts/pattern.rb,aec306300d18,logging,10.5,28,16,84,0.0,1,10.5,19,3,18,0.947,isolado,logging#0,19,grupo,18
logging,lib/logging/logger.rb,aec306300d18,logging,9.2,43,23,81,0.0,0,7.7,26,2,25,0.962,isolado,logging#0,19,grupo,18
logging,lib/logging/repository.rb,aec306300d18,logging,7.2,19,9,100,0.5,0,18.2,11,2,11,1.0,isolado,logging#0,19,grupo,18
logging,lib/logging/root_logger.rb,aec306300d18,logging,6.3,10,0,0,0.0,1,0.0,3,2,3,1.0,isolado,logging#0,19,grupo,18
logging,lib/logging/utils.rb,aec306300d18,logging,9.9,20,0,44,0.0,1,0.0,9,5,8,0.889,isolado,logging#0,19,grupo,18
lograge,lib/lograge/formatters/graylog2.rb,e5caed777529,logging,4,6,0,67,0.33,0,0.0,3,3,3,1.0,isolado,lograge#1,1,diversidade,0
mail,lib/mail/encodings/base64.rb,d645d7b5b7d0,email,3,3,100,0,0.0,5,0.0,5,3,4,0.8,isolado,mail#0,46,diversidade,2
mail,lib/mail/network/delivery_methods/logger_delivery.rb,d645d7b5b7d0,email,5.5,10,0,75,0.0,0,25.0,4,2,4,1.0,isolado,mail#0,46,diversidade,2
mail,lib/mail/utilities.rb,d645d7b5b7d0,email,6.8,59,49,75,0.25,0,1.8,55,4,49,0.891,isolado,mail#0,46,diversidade,2
minitest,lib/minitest.rb,f6180b07ea6e,testing,7.1,126,30,39,0.12,3,2.2,92,17,72,0.783,isolado,minitest#1,13,diversidade,0
minitest,lib/minitest/find_minimal_combination.rb,f6180b07ea6e,testing,17.6,54,0,40,0.0,0,0.0,5,2,5,1.0,isolado,minitest#2,1,diversidade,0
money,lib/money/bank/base.rb,26e2829c34f1,money,2.8,4,20,0,0.0,2,0.0,5,5,5,1.0,isolado,money#0,8,grupo,7
money,lib/money/bank/variable_exchange.rb,26e2829c34f1,money,7.2,20,0,85,0.0,1,7.7,13,4,13,1.0,isolado,money#0,8,grupo,7
money,lib/money/currency.rb,26e2829c34f1,money,5.8,18,48,67,0.6,1,0.0,33,5,30,0.909,isolado,money#0,8,grupo,7
money,lib/money/money.rb,26e2829c34f1,money,5.9,20,29,51,1.5,1,0.0,41,2,37,0.902,isolado,money#0,8,grupo,7
money,lib/money/money/arithmetic.rb,26e2829c34f1,money,6.3,17,0,80,0.0,0,0.0,20,2,19,0.95,isolado,money#0,8,grupo,7
money,lib/money/money/formatter.rb,26e2829c34f1,money,9.6,26,0,75,0.0,0,0.0,16,2,16,1.0,isolado,money#0,8,grupo,7
money,lib/money/money/formatting_rules.rb,26e2829c34f1,money,7.7,23,0,78,0.0,0,0.0,9,2,9,1.0,isolado,money#0,8,grupo,7
money,lib/money/rates_store/memory.rb,26e2829c34f1,money,5.1,10,0,71,0.0,0,0.0,7,3,7,1.0,isolado,money#0,8,grupo,7
mongo,lib/mongo.rb,049b718a2d47,database drivers,4,7,25,25,1.0,0,0.0,4,1,4,1.0,isolado,mongo#0,1,diversidade,0
mongo,lib/mongo/auth.rb,049b718a2d47,database drivers,15,33,0,100,0.6,3,0.0,3,5,3,1.0,isolado,mongo#1,196,diversidade,3
mongo,lib/mongo/logger.rb,049b718a2d47,database drivers,3.5,5,100,75,0.0,0,0.0,4,2,4,1.0,isolado,mongo#1,196,diversidade,3
mongo,lib/mongo/server/description.rb,049b718a2d47,database drivers,5.5,63,0,87,0.0,0,0.0,47,3,31,0.66,isolado,mongo#1,196,diversidade,3
mongo,lib/mongo/session.rb,049b718a2d47,database drivers,13.3,169,0,78,2.0,0,0.0,59,2,56,0.949,isolado,mongo#1,196,diversidade,3
optimist,lib/optimist.rb,ecd4d8573b46,cli builder,8.3,126,6,54,0.0,2,1.0,100,23,66,0.66,isolado,optimist#1,1,diversidade,0
paper_trail,lib/paper_trail.rb,0c511ed46c08,orm/odm extensions,3.6,7,100,10,1.0,0,0.0,10,1,9,0.9,isolado,paper_trail#0,19,diversidade,2
paper_trail,lib/paper_trail/events/base.rb,0c511ed46c08,orm/odm extensions,6.6,15,0,86,0.0,0,7.1,28,3,26,0.929,isolado,paper_trail#0,19,diversidade,2
paper_trail,lib/paper_trail/reifier.rb,0c511ed46c08,orm/odm extensions,9.2,18,100,100,0.0,0,37.5,8,2,8,1.0,isolado,paper_trail#0,19,diversidade,2
pastel,lib/pastel/color.rb,afd82952076e,cli utilities,5,13,0,68,0.5,0,0.0,19,2,19,1.0,isolado,pastel#0,5,grupo,4
pastel,lib/pastel/color_parser.rb,afd82952076e,cli utilities,16.2,48,100,75,0.5,0,0.0,4,2,4,1.0,isolado,pastel#0,5,grupo,4
pastel,lib/pastel/decorator_chain.rb,afd82952076e,cli utilities,3.5,7,12,62,0.5,0,0.0,8,2,8,1.0,isolado,pastel#0,5,grupo,4
pastel,lib/pastel/delegator.rb,afd82952076e,cli utilities,4.2,11,11,67,0.5,0,11.1,9,2,9,1.0,isolado,pastel#0,5,grupo,4
pastel,lib/pastel/detached.rb,afd82952076e,cli utilities,3.4,5,0,71,0.0,0,0.0,7,2,7,1.0,isolado,pastel#0,5,grupo,4
pg,rakelib/task_extension.rb,d4539c25dcc8,database drivers,10,16,0,67,0.0,0,66.7,3,1,3,1.0,isolado,pg#5,1,diversidade,0
pg,sample/warehouse_partitions.rb,d4539c25dcc8,database drivers,44.6,81,0,100,0.0,0,0.0,5,1,5,1.0,isolado,pg#0,7,diversidade,0
prawn,lib/prawn/fonts/dfont.rb,f82783b1d020,pdf,4.3,5,67,100,0.0,2,0.0,3,3,3,1.0,isolado,prawn#0,34,diversidade,5
prawn,lib/prawn/fonts/to_unicode_cmap.rb,f82783b1d020,pdf,40.7,96,0,67,0.0,0,0.0,3,3,3,1.0,isolado,prawn#0,34,diversidade,5
prawn,lib/prawn/graphics.rb,f82783b1d020,pdf,7.6,55,0,87,4.0,0,0.0,31,2,28,0.903,isolado,prawn#0,34,diversidade,5
prawn,lib/prawn/grid.rb,f82783b1d020,pdf,4.1,16,0,70,0.0,0,0.0,47,5,37,0.787,isolado,prawn#0,34,diversidade,5
prawn,lib/prawn/measurement_extensions.rb,f82783b1d020,pdf,3,3,0,0,1.0,0,0.0,8,1,8,1.0,isolado,prawn#6,2,diversidade,0
prawn,lib/prawn/text/formatted/parser.rb,f82783b1d020,pdf,34.7,114,100,100,0.0,0,0.0,6,4,5,0.833,isolado,prawn#0,34,diversidade,5
prawn,lib/prawn/view.rb,f82783b1d020,pdf,3.4,5,0,60,0.0,0,40.0,5,2,5,1.0,isolado,prawn#0,34,diversidade,5
premailer-rails,lib/premailer/rails/css_loaders/asset_pipeline_loader.rb,33287e89f7a3,email,8,10,0,0,0.25,0,0.0,3,4,3,1.0,isolado,premailer-rails#1,1,diversidade,0
pry,lib/pry/cli.rb,5a267df08ad6,irb,16.8,37,100,60,0.0,0,40.0,5,2,5,1.0,isolado,pry#0,86,diversidade,7
pry,lib/pry/command.rb,5a267df08ad6,irb,6.4,34,44,52,2.5,0,12.5,48,2,46,0.958,isolado,pry#0,86,diversidade,7
pry,lib/pry/commands/edit/file_and_line_locator.rb,5a267df08ad6,irb,7.8,12,100,100,0.0,2,0.0,4,4,4,1.0,isolado,pry#0,86,diversidade,7
pry,lib/pry/commands/ls/formatter.rb,5a267df08ad6,irb,3.9,6,0,38,0.0,2,25.0,8,4,8,1.0,isolado,pry#0,86,diversidade,7
pry,lib/pry/commands/show_source.rb,5a267df08ad6,irb,6.7,8,0,100,0.0,3,0.0,3,3,3,1.0,isolado,pry#0,86,diversidade,7
pry,lib/pry/editor.rb,5a267df08ad6,irb,11.3,27,10,50,0.5,0,0.0,10,2,10,1.0,isolado,pry#0,86,diversidade,7
pry,lib/pry/input_completer.rb,5a267df08ad6,irb,46,171,0,100,0.0,0,40.0,5,2,5,1.0,isolado,pry#0,86,diversidade,7
pry,lib/pry/syntax_highlighter.rb,5a267df08ad6,irb,3,3,100,0,0.0,0,0.0,4,2,4,1.0,isolado,pry#0,86,diversidade,7
pry-byebug,lib/pry-byebug/commands/breakpoint.rb,0b5aea2615fd,debugging tools,8.5,23,0,100,1.5,1,12.5,8,2,8,1.0,isolado,pry-byebug#1,3,grupo,2
pry-byebug,lib/pry-byebug/helpers/breakpoints.rb,0b5aea2615fd,debugging tools,7.3,18,0,83,0.0,0,0.0,6,3,6,1.0,isolado,pry-byebug#1,3,grupo,2
pry-byebug,lib/pry/byebug/breakpoints.rb,0b5aea2615fd,debugging tools,4.6,11,0,52,0.4,1,0.0,21,5,19,0.905,isolado,pry-byebug#1,3,grupo,2
puma,lib/puma/app/status.rb,8085b75e79e3,web servers,19.8,62,0,75,0.0,0,25.0,4,3,4,1.0,isolado,puma#0,40,diversidade,1
puma,lib/puma/events.rb,8085b75e79e3,web servers,3.9,11,0,25,0.0,0,0.0,12,2,8,0.667,isolado,puma#0,40,diversidade,1
pundit,lib/pundit.rb,2d665d67a26f,authorization,5,10,100,33,0.0,0,0.0,6,2,6,1.0,isolado,pundit#0,4,diversidade,1
pundit,lib/pundit/authorization.rb,2d665d67a26f,authorization,4.1,9,0,47,0.5,0,5.9,17,2,13,0.765,isolado,pundit#0,4,diversidade,1
rack-cors,lib/rack/cors/result.rb,f73bcd39b91c,http clients and tools,5.4,10,43,86,0.0,0,0.0,7,3,7,1.0,isolado,rack-cors#0,4,diversidade,0
rails-i18n,lib/rails_i18n/pluralization.rb,32a4583d2111,internationalization,14.5,21,100,100,0.0,0,0.0,8,10,8,1.0,isolado,rails-i18n#0,1,diversidade,0
rails-i18n,lib/rails_i18n/railtie.rb,32a4583d2111,internationalization,3.7,4,100,33,0.0,1,33.3,3,2,3,1.0,isolado,rails-i18n#1,1,diversidade,0
ransack,lib/ransack/adapters/active_record/context.rb,383c5dd9aa8f,search,14.1,39,0,95,0.0,1,59.1,22,4,22,1.0,isolado,ransack#0,18,diversidade,1
ransack,lib/ransack/nodes/node.rb,383c5dd9aa8f,search,3.8,6,50,75,0.0,0,0.0,4,3,4,1.0,isolado,ransack#0,18,diversidade,1
rdoc,lib/rdoc/code_object/normal_class.rb,4e303b392092,documentation,10,35,0,43,0.0,3,0.0,7,1,7,1.0,isolado,rdoc#1,80,diversidade,3
rdoc,lib/rdoc/markdown.rb,4e303b392092,documentation,51.6,1405,1,29,0.0,1,2.3,304,4,170,0.559,isolado,rdoc#1,80,diversidade,3
rdoc,lib/rdoc/parser/c.rb,4e303b392092,documentation,26.3,93,6,94,1.0,1,2.9,34,1,34,1.0,isolado,rdoc#1,80,diversidade,3
rdoc,lib/rdoc/ri/paths.rb,4e303b392092,documentation,10.6,37,100,62,0.0,0,0.0,8,1,7,0.875,isolado,rdoc#1,80,diversidade,3
responders,lib/action_controller/respond_with.rb,b20fdd24befe,decorators,12.2,20,0,80,0.33,0,0.0,5,3,5,1.0,isolado,responders#0,1,diversidade,0
rest-client,lib/restclient.rb,cf3e5a115bcd,http clients and tools,4.7,34,84,11,0.0,0,0.0,19,1,9,0.474,isolado,rest-client#0,10,grupo,9
rest-client,lib/restclient/abstract_response.rb,cf3e5a115bcd,http clients and tools,8.3,33,5,89,0.0,0,0.0,19,2,19,1.0,isolado,rest-client#0,10,grupo,9
rest-client,lib/restclient/exceptions.rb,cf3e5a115bcd,http clients and tools,3.8,8,0,21,0.0,3,0.0,14,11,11,0.786,isolado,rest-client#0,10,grupo,9
rest-client,lib/restclient/payload.rb,cf3e5a115bcd,http clients and tools,6.7,29,0,80,0.17,1,0.0,25,6,24,0.96,isolado,rest-client#0,10,grupo,9
rest-client,lib/restclient/platform.rb,cf3e5a115bcd,http clients and tools,4.3,8,100,0,0.0,0,0.0,6,2,6,1.0,isolado,rest-client#0,10,grupo,9
rest-client,lib/restclient/raw_response.rb,cf3e5a115bcd,http clients and tools,4.2,8,0,80,0.5,0,0.0,5,2,5,1.0,isolado,rest-client#0,10,grupo,9
rest-client,lib/restclient/request.rb,cf3e5a115bcd,http clients and tools,18,130,6,79,0.0,0,3.0,33,2,33,1.0,isolado,rest-client#0,10,grupo,9
rest-client,lib/restclient/resource.rb,cf3e5a115bcd,http clients and tools,6.1,9,0,88,0.0,0,0.0,16,2,8,0.5,isolado,rest-client#0,10,grupo,9
rest-client,lib/restclient/response.rb,cf3e5a115bcd,http clients and tools,7,18,29,57,0.5,1,0.0,7,2,6,0.857,isolado,rest-client#0,10,grupo,9
rest-client,lib/restclient/utils.rb,cf3e5a115bcd,http clients and tools,16.4,34,100,86,0.0,0,0.0,7,2,7,1.0,isolado,rest-client#0,10,grupo,9
roo,lib/roo/base.rb,20d424f8bf96,spreadsheets and documents,8.9,28,4,73,6.0,0,1.9,52,1,51,0.981,isolado,roo#0,16,grupo,15
roo,lib/roo/csv.rb,20d424f8bf96,spreadsheets and documents,6.3,24,0,67,0.0,1,0.0,15,2,12,0.8,isolado,roo#0,16,grupo,15
roo,lib/roo/excelx.rb,20d424f8bf96,spreadsheets and documents,7.8,60,0,46,1.0,1,2.4,41,2,36,0.878,isolado,roo#0,16,grupo,15
roo,lib/roo/excelx/cell.rb,20d424f8bf96,spreadsheets and documents,8.3,16,22,67,0.0,1,0.0,9,4,9,1.0,isolado,roo#0,16,grupo,15
roo,lib/roo/excelx/cell/base.rb,20d424f8bf96,spreadsheets and documents,4.4,9,0,9,0.25,1,0.0,11,4,10,0.909,isolado,roo#0,16,grupo,15
roo,lib/roo/excelx/cell/boolean.rb,20d424f8bf96,spreadsheets and documents,4,5,0,33,0.0,1,0.0,3,4,3,1.0,isolado,roo#1,1,diversidade,0
roo,lib/roo/excelx/cell/date.rb,20d424f8bf96,spreadsheets and documents,3.3,6,0,67,0.0,2,0.0,3,4,3,1.0,isolado,roo#0,16,grupo,15
roo,lib/roo/excelx/cell/number.rb,20d424f8bf96,spreadsheets and documents,15.6,41,0,100,0.0,1,0.0,5,4,5,1.0,isolado,roo#0,16,grupo,15
roo,lib/roo/excelx/extractor.rb,20d424f8bf96,spreadsheets and documents,4.7,7,0,0,0.33,1,0.0,3,3,3,1.0,isolado,roo#0,16,grupo,15
roo,lib/roo/excelx/relationships.rb,20d424f8bf96,spreadsheets and documents,4.5,7,0,75,0.0,1,0.0,4,3,4,1.0,isolado,roo#0,16,grupo,15
roo,lib/roo/excelx/shared.rb,20d424f8bf96,spreadsheets and documents,4,9,0,33,0.0,1,0.0,6,3,4,0.667,isolado,roo#0,16,grupo,15
roo,lib/roo/excelx/shared_strings.rb,20d424f8bf96,spreadsheets and documents,12.4,43,0,78,0.0,1,0.0,9,3,9,1.0,isolado,roo#0,16,grupo,15
roo,lib/roo/excelx/sheet.rb,20d424f8bf96,spreadsheets and documents,6.5,27,0,100,0.33,1,0.0,17,3,14,0.824,isolado,roo#0,16,grupo,15
roo,lib/roo/excelx/sheet_doc.rb,20d424f8bf96,spreadsheets and documents,11.1,48,0,67,0.33,1,0.0,18,3,18,1.0,isolado,roo#0,16,grupo,15
roo,lib/roo/excelx/styles.rb,20d424f8bf96,spreadsheets and documents,4.9,9,0,56,0.0,1,0.0,9,3,9,1.0,isolado,roo#0,16,grupo,15
roo,lib/roo/excelx/workbook.rb,20d424f8bf96,spreadsheets and documents,6.4,16,0,71,0.0,1,0.0,7,4,7,1.0,isolado,roo#0,16,grupo,15
roo,lib/roo/formatters/csv.rb,20d424f8bf96,spreadsheets and documents,26.3,45,0,100,0.0,0,0.0,3,3,3,1.0,isolado,roo#3,1,diversidade,0
roo,lib/roo/open_office.rb,20d424f8bf96,spreadsheets and documents,16.3,104,0,84,0.5,1,0.0,32,2,32,1.0,isolado,roo#0,16,grupo,15
rouge,lib/rouge/guesser.rb,afc3c52c2af0,code highlighting,8.8,19,20,60,0.0,1,0.0,5,3,5,1.0,isolado,rouge#0,42,diversidade,2
rouge,lib/rouge/lexers/cython.rb,afc3c52c2af0,code highlighting,4.2,5,75,0,0.67,3,0.0,4,3,4,1.0,isolado,rouge#7,1,diversidade,0
rouge,lib/rouge/lexers/sas.rb,afc3c52c2af0,code highlighting,51,188,100,0,0.0,2,0.0,7,3,5,0.714,isolado,rouge#19,1,diversidade,0
rouge,lib/rouge/lexers/tcl.rb,afc3c52c2af0,code highlighting,18,26,100,100,0.0,2,0.0,3,3,3,1.0,isolado,rouge#0,42,diversidade,2
rouge,lib/rouge/token.rb,afc3c52c2af0,code highlighting,4.2,10,100,42,0.0,0,25.0,12,3,10,0.833,isolado,rouge#0,42,diversidade,2
rqrcode,lib/rqrcode/export/svg.rb,f0d65004f2b5,qr,49.5,130,0,75,0.0,1,0.0,4,6,4,1.0,isolado,rqrcode#0,1,diversidade,0
rspec,rspec-core/lib/rspec/core.rb,79a280d76e10,testing,4.5,15,100,9,0.33,0,9.1,11,3,8,0.727,isolado,rspec#1,148,diversidade,0
rubocop,lib/rubocop/comment_config.rb,65854e6bbfe4,code formatting,7.6,28,0,93,0.67,0,0.0,27,3,26,0.963,isolado,rubocop#0,601,diversidade,2
rubocop,lib/rubocop/config_loader.rb,65854e6bbfe4,code formatting,8.7,23,100,64,0.33,2,0.0,22,3,21,0.955,isolado,rubocop#0,601,diversidade,2
rubocop,lib/rubocop/cop/exclude_limit.rb,65854e6bbfe4,code formatting,7.2,13,50,100,0.0,0,25.0,4,2,4,1.0,isolado,rubocop#0,601,diversidade,2
rubocop-rails,lib/rubocop/cop/rails/action_order.rb,2ccba590ec47,code formatting,5.3,14,0,70,1.0,1,0.0,10,4,10,1.0,isolado,rubocop-rails#6,19,grupo,18
rubocop-rails,lib/rubocop/cop/rails/active_record_callbacks_order.rb,2ccba590ec47,code formatting,7.3,18,0,90,0.25,1,0.0,10,4,10,1.0,isolado,rubocop-rails#6,19,grupo,18
rubocop-rails,lib/rubocop/cop/rails/blank.rb,2ccba590ec47,code formatting,10.3,14,0,100,0.25,1,0.0,6,4,6,1.0,isolado,rubocop-rails#6,19,grupo,18
rubocop-rails,lib/rubocop/cop/rails/compact_blank.rb,2ccba590ec47,code formatting,6.7,12,0,100,0.75,1,0.0,6,4,5,0.833,isolado,rubocop-rails#6,19,grupo,18
rubocop-rails,lib/rubocop/cop/rails/eager_evaluation_log_message.rb,2ccba590ec47,code formatting,8,12,25,75,0.25,1,0.0,4,4,4,1.0,isolado,rubocop-rails#6,19,grupo,18
rubocop-rails,lib/rubocop/cop/rails/enum_hash.rb,2ccba590ec47,code formatting,9,18,0,80,0.25,1,0.0,5,4,5,1.0,isolado,rubocop-rails#6,19,grupo,18
rubocop-rails,lib/rubocop/cop/rails/enum_syntax.rb,2ccba590ec47,code formatting,8.3,13,0,89,0.75,1,0.0,9,4,9,1.0,isolado,rubocop-rails#6,19,grupo,18
rubocop-rails,lib/rubocop/cop/rails/enum_uniqueness.rb,2ccba590ec47,code formatting,9.3,17,0,100,0.25,1,0.0,3,4,3,1.0,isolado,rubocop-rails#6,19,grupo,18
rubocop-rails,lib/rubocop/cop/rails/environment_comparison.rb,2ccba590ec47,code formatting,6.7,10,0,67,0.25,1,0.0,6,4,6,1.0,isolado,rubocop-rails#6,19,grupo,18
rubocop-rails,lib/rubocop/cop/rails/file_path.rb,2ccba590ec47,code formatting,6.3,14,0,97,0.75,1,0.0,31,4,30,0.968,isolado,rubocop-rails#6,19,grupo,18
rubocop-rails,lib/rubocop/cop/rails/find_by_id.rb,2ccba590ec47,code formatting,6,13,0,80,0.5,1,0.0,5,4,5,1.0,isolado,rubocop-rails#6,19,grupo,18
rubocop-rails,lib/rubocop/cop/rails/pluck.rb,2ccba590ec47,code formatting,7.7,19,0,83,0.5,1,0.0,6,4,6,1.0,isolado,rubocop-rails#6,19,grupo,18
rubocop-rails,lib/rubocop/cop/rails/presence.rb,2ccba590ec47,code formatting,6.4,15,0,100,0.5,1,0.0,13,4,13,1.0,isolado,rubocop-rails#6,19,grupo,18
rubocop-rails,lib/rubocop/cop/rails/present.rb,2ccba590ec47,code formatting,9.9,13,0,100,0.25,1,0.0,7,4,7,1.0,isolado,rubocop-rails#6,19,grupo,18
rubocop-rails,lib/rubocop/cop/rails/redirect_back_or_to.rb,2ccba590ec47,code formatting,7.8,16,0,100,0.5,1,0.0,6,4,6,1.0,isolado,rubocop-rails#6,19,grupo,18
rubocop-rails,lib/rubocop/cop/rails/render_plain_text.rb,2ccba590ec47,code formatting,7.2,12,0,100,0.25,1,0.0,4,4,4,1.0,isolado,rubocop-rails#6,19,grupo,18
rubocop-rails,lib/rubocop/cop/rails/squished_sql_heredocs.rb,2ccba590ec47,code formatting,4,7,0,67,0.5,1,0.0,6,4,6,1.0,isolado,rubocop-rails#6,19,grupo,18
rubocop-rails,lib/rubocop/cop/rails/strong_parameters_expect.rb,2ccba590ec47,code formatting,10.6,31,0,100,0.5,1,0.0,8,4,8,1.0,isolado,rubocop-rails#6,19,grupo,18
rubocop-rails,lib/rubocop/cop/rails/where_exists.rb,2ccba590ec47,code formatting,6.6,13,0,89,0.5,1,0.0,9,4,8,0.889,isolado,rubocop-rails#6,19,grupo,18
rubocop-rspec,lib/rubocop/cop/rspec/empty_line_after_example.rb,2488441eb70a,code formatting,4.8,8,0,60,0.5,2,0.0,5,4,5,1.0,isolado,rubocop-rspec#9,3,grupo,2
rubocop-rspec,lib/rubocop/cop/rspec/implicit_subject.rb,2488441eb70a,code formatting,6.4,16,0,18,0.5,2,0.0,11,4,11,1.0,isolado,rubocop-rspec#9,3,grupo,2
rubocop-rspec,lib/rubocop/cop/rspec/mixin/empty_line_separation.rb,2488441eb70a,code formatting,9.5,14,0,100,0.5,0,0.0,4,4,4,1.0,isolado,rubocop-rspec#9,3,grupo,2
rubocop-rspec,lib/rubocop/rspec/example_group.rb,2488441eb70a,code formatting,5,9,0,17,0.0,1,16.7,6,3,4,0.667,isolado,rubocop-rspec#50,1,diversidade,0
rufus-scheduler,lib/rufus/scheduler.rb,ec048146d12d,scheduling,9.3,74,5,73,0.0,2,1.7,59,5,44,0.746,isolado,rufus-scheduler#0,6,grupo,5
rufus-scheduler,lib/rufus/scheduler/job_array.rb,ec048146d12d,scheduling,5.8,14,0,88,0.0,0,0.0,8,1,8,1.0,isolado,rufus-scheduler#1,1,diversidade,0
rufus-scheduler,lib/rufus/scheduler/jobs_core.rb,ec048146d12d,scheduling,9.4,51,0,70,0.0,1,3.3,30,2,29,0.967,isolado,rufus-scheduler#0,6,grupo,5
rufus-scheduler,lib/rufus/scheduler/jobs_one_time.rb,ec048146d12d,scheduling,6.2,9,0,83,0.0,2,0.0,6,3,6,1.0,isolado,rufus-scheduler#0,6,grupo,5
rufus-scheduler,lib/rufus/scheduler/jobs_repeat.rb,ec048146d12d,scheduling,10.5,23,0,92,0.0,3,0.0,24,5,23,0.958,isolado,rufus-scheduler#0,6,grupo,5
rufus-scheduler,lib/rufus/scheduler/locks.rb,ec048146d12d,scheduling,5.7,25,0,57,0.0,0,0.0,7,2,5,0.714,isolado,rufus-scheduler#0,6,grupo,5
rufus-scheduler,lib/rufus/scheduler/util.rb,ec048146d12d,scheduling,5.6,14,100,62,0.0,0,0.0,16,2,16,1.0,isolado,rufus-scheduler#0,6,grupo,5
sawyer,lib/sawyer/resource.rb,7a60719e675f,http clients and tools,7.6,22,8,77,1.0,0,84.6,13,2,12,0.923,isolado,sawyer#0,5,diversidade,0
selenium-webdriver,lib/selenium/webdriver/remote/bridge.rb,9175ed94d83e,testing,4.4,23,3,25,1.5,0,1.0,103,4,45,0.437,isolado,selenium-webdriver#0,106,diversidade,0
sentry-ruby,sentry-rails/lib/sentry/rails/serializer.rb,a940dfdb5a64,error handling,8.3,14,100,100,0.0,0,0.0,3,3,3,1.0,isolado,sentry-ruby#2,1,diversidade,0
sentry-ruby,sentry-rails/lib/sentry/rails/tracing.rb,a940dfdb5a64,error handling,6.8,16,80,30,0.0,0,30.0,10,4,9,0.9,isolado,sentry-ruby#1,67,diversidade,4
sentry-ruby,sentry-ruby/lib/sentry-ruby.rb,a940dfdb5a64,error handling,5.5,28,100,79,1.0,0,6.9,58,1,54,0.931,isolado,sentry-ruby#1,67,diversidade,4
sentry-ruby,sentry-ruby/lib/sentry/interfaces/single_exception.rb,a940dfdb5a64,error handling,15.7,24,33,100,0.5,1,33.3,3,2,3,1.0,isolado,sentry-ruby#1,67,diversidade,4
sentry-ruby,sentry-ruby/lib/sentry/profiler.rb,a940dfdb5a64,error handling,21.6,108,0,25,0.5,0,0.0,8,2,8,1.0,isolado,sentry-ruby#1,67,diversidade,4
sentry-ruby,sentry-ruby/lib/sentry/utils/argument_checking_helper.rb,a940dfdb5a64,error handling,5,5,0,100,0.0,0,0.0,3,2,3,1.0,isolado,sentry-ruby#1,67,diversidade,4
simplecov,lib/simplecov/cli/dotfile.rb,76a8e4e0f661,code analysis and metrics,12.2,16,0,50,0.0,0,66.7,6,3,6,1.0,isolado,simplecov#10,1,diversidade,0
simplecov,lib/simplecov/configuration/eval_coverage.rb,76a8e4e0f661,code analysis and metrics,4.2,7,0,0,0.0,0,0.0,5,2,4,0.8,isolado,simplecov#2,60,diversidade,1
simplecov,lib/simplecov/coverage_statistics.rb,76a8e4e0f661,code analysis and metrics,8.2,15,25,100,0.0,0,0.0,4,2,4,1.0,isolado,simplecov#2,60,diversidade,1
simplecov,lib/simplecov/parallel_adapters/parallel_tests.rb,76a8e4e0f661,code analysis and metrics,5.1,14,100,0,0.0,1,0.0,8,3,7,0.875,isolado,simplecov#25,1,diversidade,0
slop,lib/slop.rb,7e720331b78d,cli builder,4,7,100,50,0.0,0,25.0,4,1,4,1.0,isolado,slop#0,6,diversidade,0
spring,lib/spring/watcher.rb,b7f3fd04b2ed,testing,4.7,8,100,100,0.0,0,33.3,3,1,3,1.0,isolado,spring#0,13,diversidade,0
sprockets,lib/rake/sprocketstask.rb,73c5a5316bd1,assets,9.4,26,0,100,0.0,1,12.5,8,2,7,0.875,isolado,sprockets#0,37,diversidade,3
sprockets,lib/sprockets/base.rb,73c5a5316bd1,assets,7.7,28,0,36,3.67,2,0.0,11,3,11,1.0,isolado,sprockets#0,37,diversidade,3
sprockets,lib/sprockets/bundle.rb,73c5a5316bd1,assets,24,38,100,100,0.0,0,0.0,3,2,3,1.0,isolado,sprockets#0,37,diversidade,3
sprockets,lib/sprockets/erb_processor.rb,73c5a5316bd1,assets,5.8,16,40,40,0.0,0,60.0,5,1,5,1.0,isolado,sprockets#6,1,diversidade,0
sprockets,lib/sprockets/jst_processor.rb,73c5a5316bd1,assets,4,8,60,40,0.0,0,0.0,5,2,5,1.0,isolado,sprockets#7,1,diversidade,0
sprockets,lib/sprockets/loader.rb,73c5a5316bd1,assets,29.6,92,0,100,4.0,0,0.0,8,2,8,1.0,isolado,sprockets#0,37,diversidade,3
stackprof,lib/stackprof/truffleruby.rb,4367efa4b8bc,profiler and optimization,3.1,4,100,0,0.0,0,0.0,8,1,4,0.5,isolado,stackprof#0,2,diversidade,0
state_machines,lib/state_machines/extensions.rb,219b43ea588f,state machines,3.6,5,20,60,0.0,0,20.0,5,3,5,1.0,isolado,state_machines#0,35,diversidade,4
state_machines,lib/state_machines/integrations.rb,219b43ea588f,state machines,4.3,9,100,83,0.0,0,0.0,6,2,6,1.0,isolado,state_machines#0,35,diversidade,4
state_machines,lib/state_machines/machine.rb,219b43ea588f,state machines,4.6,18,0,38,7.5,0,23.1,13,2,12,0.923,isolado,state_machines#0,35,diversidade,4
state_machines,lib/state_machines/machine/configuration.rb,219b43ea588f,state machines,21,55,0,100,1.67,0,100.0,5,3,5,1.0,isolado,state_machines#0,35,diversidade,4
state_machines,lib/state_machines/machine_collection.rb,219b43ea588f,state machines,16.5,26,0,100,0.0,1,0.0,4,2,4,1.0,isolado,state_machines#0,35,diversidade,4
terminal-table,lib/terminal-table/separator.rb,ba051e6f8aae,cli utilities,13.7,31,0,33,0.0,1,0.0,3,3,3,1.0,isolado,terminal-table#0,5,diversidade,0
thin,lib/rack/adapter/loader.rb,84a5188612d8,web servers,15.7,37,100,33,0.0,1,0.0,3,3,3,1.0,isolado,thin#0,21,diversidade,1
thin,lib/thin/server.rb,84a5188612d8,web servers,11.1,38,8,77,1.5,1,0.0,13,2,13,1.0,isolado,thin#0,21,diversidade,1
tilt,lib/tilt/erb.rb,f0d75c60e3a6,template engine,7.5,19,0,50,0.0,1,0.0,6,2,5,0.833,isolado,tilt#2,4,grupo,3
tilt,lib/tilt/mapping.rb,f0d75c60e3a6,template engine,7.8,27,0,83,0.0,1,8.3,24,4,24,1.0,isolado,tilt#2,4,grupo,3
tilt,lib/tilt/string.rb,f0d75c60e3a6,template engine,3.8,5,0,50,0.0,1,0.0,4,2,4,1.0,isolado,tilt#2,4,grupo,3
tilt,lib/tilt/template.rb,f0d75c60e3a6,template engine,8.8,47,9,51,0.0,1,6.7,45,4,36,0.8,isolado,tilt#2,4,grupo,3
twilio-ruby,lib/twilio-ruby/framework/serialize.rb,c58e213a6f04,third-party apis,7.7,12,100,100,0.0,0,0.0,9,1,8,0.889,isolado,twilio-ruby#1,105,diversidade,1
twilio-ruby,lib/twilio-ruby/jwt/task_router.rb,c58e213a6f04,third-party apis,4.9,23,80,8,0.0,1,0.0,25,5,13,0.52,isolado,twilio-ruby#7,1,diversidade,0
twilio-ruby,lib/twilio-ruby/rest/api.rb,c58e213a6f04,third-party apis,3.9,4,0,0,0.0,2,0.0,26,3,26,1.0,com a biblioteca carregada,twilio-ruby#9,1,diversidade,0
twilio-ruby,lib/twilio-ruby/rest/api/v2010/account/call/stream.rb,c58e213a6f04,third-party apis,28.5,432,0,66,0.0,2,0.0,38,14,19,0.5,isolado,twilio-ruby#1,105,diversidade,1
tzinfo,lib/tzinfo/data_sources/transitions_data_timezone_info.rb,d5893c99bbcd,date and time processing,18.1,39,0,100,0.0,2,0.0,7,3,7,1.0,isolado,tzinfo#0,28,diversidade,2
tzinfo,lib/tzinfo/format1/country_index_definition.rb,d5893c99bbcd,date and time processing,7.3,13,33,100,0.0,0,33.3,3,4,3,1.0,isolado,tzinfo#0,28,diversidade,2
tzinfo,lib/tzinfo/timezone.rb,d5893c99bbcd,date and time processing,5.5,36,31,33,0.17,1,0.0,48,6,45,0.938,isolado,tzinfo#0,28,diversidade,2
vcr,lib/vcr/version.rb,5dcacdf69bd6,testing,7,23,80,100,1.0,0,0.0,5,1,3,0.6,isolado,vcr#9,1,diversidade,0
virtus,lib/virtus/class_inclusions.rb,9e4f56fe8259,core extensions,4.7,8,33,33,1.33,0,133.3,3,3,3,1.0,isolado,virtus#1,1,diversidade,0
virtus,lib/virtus/model.rb,9e4f56fe8259,core extensions,4.4,6,100,100,0.0,0,71.4,7,5,4,0.571,isolado,virtus#2,1,diversidade,0
warden,lib/warden/config.rb,3f197cee0511,authentication and oauth,5.8,13,9,36,0.0,1,9.1,11,2,11,1.0,isolado,warden#0,8,grupo,7
warden,lib/warden/errors.rb,3f197cee0511,authentication and oauth,3.7,6,0,78,0.33,0,11.1,9,3,9,1.0,isolado,warden#0,8,grupo,7
warden,lib/warden/manager.rb,3f197cee0511,authentication and oauth,9.3,20,22,89,0.5,0,33.3,9,2,9,1.0,isolado,warden#0,8,grupo,7
warden,lib/warden/mixins/common.rb,3f197cee0511,authentication and oauth,3.2,4,0,60,0.0,0,0.0,5,3,5,1.0,isolado,warden#0,8,grupo,7
warden,lib/warden/proxy.rb,3f197cee0511,authentication and oauth,7.1,25,0,70,0.67,1,0.0,27,3,25,0.926,isolado,warden#0,8,grupo,7
warden,lib/warden/session_serializer.rb,3f197cee0511,authentication and oauth,4,9,0,56,0.0,0,22.2,9,2,6,0.667,isolado,warden#0,8,grupo,7
warden,lib/warden/strategies.rb,3f197cee0511,authentication and oauth,5.8,15,100,80,0.0,0,20.0,5,2,5,1.0,isolado,warden#0,8,grupo,7
warden,lib/warden/strategies/base.rb,3f197cee0511,authentication and oauth,4.2,12,0,29,0.33,0,0.0,17,3,12,0.706,isolado,warden#0,8,grupo,7
will_paginate,lib/will_paginate/deprecation.rb,50017c3eb071,pagination,4.1,6,33,56,0.0,1,0.0,9,2,9,1.0,isolado,will_paginate#2,4,grupo,3
will_paginate,lib/will_paginate/i18n.rb,50017c3eb071,pagination,5.3,10,67,33,0.0,0,0.0,3,2,3,1.0,isolado,will_paginate#2,4,grupo,3
will_paginate,lib/will_paginate/view_helpers/link_renderer.rb,50017c3eb071,pagination,6.2,13,0,80,0.0,1,6.7,15,3,15,1.0,isolado,will_paginate#2,4,grupo,3
will_paginate,lib/will_paginate/view_helpers/link_renderer_base.rb,50017c3eb071,pagination,11,37,0,80,0.0,0,0.0,5,3,5,1.0,isolado,will_paginate#2,4,grupo,3
wisper,lib/wisper.rb,4569343e353e,business logic,3.9,7,100,14,0.0,0,0.0,7,1,7,1.0,isolado,wisper#0,8,diversidade,2
wisper,lib/wisper/broadcasters/logger_broadcaster.rb,4569343e353e,business logic,5.4,8,0,80,0.0,0,20.0,5,3,5,1.0,isolado,wisper#0,8,diversidade,2
wisper,lib/wisper/global_listeners.rb,4569343e353e,business logic,3.9,8,42,83,0.5,0,0.0,12,2,12,1.0,isolado,wisper#0,8,diversidade,2
zeitwerk,lib/zeitwerk/loader.rb,607973fc0bd8,code loaders,13.4,67,16,81,3.5,0,3.2,31,2,31,1.0,isolado,zeitwerk#0,13,diversidade,3
zeitwerk,lib/zeitwerk/loader/eager_load.rb,607973fc0bd8,code loaders,32.5,41,0,100,0.0,0,66.7,6,1,6,1.0,isolado,zeitwerk#0,13,diversidade,3
zeitwerk,lib/zeitwerk/registry.rb,607973fc0bd8,code loaders,9.7,23,100,67,0.0,0,0.0,3,2,3,1.0,isolado,zeitwerk#0,13,diversidade,3
zeitwerk,lib/zeitwerk/registry/inceptions.rb,607973fc0bd8,code loaders,3,3,0,80,0.0,0,0.0,5,2,5,1.0,isolado,zeitwerk#0,13,diversidade,3
